Date,New York State Average ($/gal),Albany Average ($/gal),Batavia Average ($/gal),Binghamton Average ($/gal),Buffalo Average ($/gal),Dutchess Average ($/gal),Elmira Average ($/gal),Glens Falls Average ($/gal),Ithaca Average ($/gal),Kingston Average ($/gal),Nassau Average ($/gal),New York City Average ($/gal),Rochester Average ($/gal),Syracuse Average ($/gal),Utica Average ($/gal),Watertown Average ($/gal),White Plains Average ($/gal)
11/13/2023,4.66,4.54,4.62,4.69,4.66,4.57,4.55,4.52,4.69,4.5,4.63,4.89,4.69,4.62,4.64,4.6,4.75
11/06/2023,4.68,4.55,4.62,4.71,4.67,4.59,4.57,4.56,4.69,4.52,4.65,4.92,4.69,4.64,4.64,4.61,4.76
10/30/2023,4.69,4.58,4.65,4.74,4.68,4.61,4.61,4.6,4.7,4.54,4.66,4.93,4.69,4.65,4.64,4.62,4.77
10/23/2023,4.70,4.59,4.67,4.75,4.68,4.63,4.63,4.6,4.71,4.55,4.68,4.94,4.70,4.66,4.67,4.64,4.79
10/16/2023,4.72,4.62,4.71,4.76,4.69,4.65,4.63,4.63,4.72,4.6,4.69,4.94,4.72,4.68,4.68,4.66,4.8
10/09/2023,4.74,4.66,4.75,4.79,4.70,4.67,4.64,4.67,4.72,4.66,4.72,4.96,4.73,4.70,4.69,4.69,4.84
10/02/2023,4.75,4.67,4.75,4.80,4.70,4.67,4.63,4.67,4.73,4.66,4.72,4.97,4.67,4.70,4.68,4.7,4.85
09/25/2023,4.74,4.66,4.75,4.79,4.70,4.67,4.62,4.65,4.73,4.64,4.71,4.96,4.73,4.71,4.69,4.71,4.84
09/18/2023,4.67,4.57,4.66,4.76,4.67,4.57,4.6,4.56,4.72,4.52,4.60,4.88,4.70,4.65,4.65,4.65,4.78
09/11/2023,4.60,4.52,4.63,4.67,4.63,4.52,4.51,4.51,4.64,4.46,4.50,4.78,4.66,4.59,4.60,4.57,4.73
09/04/2023,4.59,4.51,4.63,4.67,4.61,4.51,4.51,4.49,4.63,4.45,4.49,4.76,4.65,4.59,4.57,4.58,4.75
08/28/2023,4.58,4.50,4.54,4.64,4.60,4.5,4.43,4.49,4.62,4.43,4.46,4.75,4.65,4.58,4.58,4.58,4.75
08/21/2023,4.57,4.50,4.53,4.63,4.61,4.48,4.4,4.49,4.6,4.4,4.45,4.73,4.65,4.57,4.57,4.59,4.74
08/14/2023,4.51,4.42,4.49,4.60,4.58,4.45,4.31,4.38,4.58,4.29,4.35,4.68,4.63,4.50,4.55,4.55,4.69
08/07/2023,4.44,4.37,4.43,4.54,4.54,4.34,4.2,4.29,4.53,4.19,4.24,4.63,4.62,4.46,4.52,4.54,4.63
07/31/2023,4.37,4.33,4.34,4.44,4.51,4.29,4.15,4.28,4.51,4.04,4.10,4.55,4.63,4.42,4.50,4.55,4.56
07/24/2023,4.36,4.33,4.3,4.37,4.53,4.28,4.08,4.27,4.57,4.01,4.07,4.52,4.66,4.41,4.54,4.57,4.52
07/17/2023,4.37,4.35,4.33,4.36,4.57,4.29,4.08,4.28,4.61,4.02,4.08,4.53,4.68,4.43,4.60,4.6,4.54
07/10/2023,4.39,4.40,4.3,4.36,4.62,4.33,4.1,4.33,4.63,4.05,4.08,4.53,4.71,4.46,4.61,4.6,4.54
07/03/2023,4.43,4.45,4.37,4.42,4.70,4.37,4.14,4.35,4.69,4.08,4.12,4.54,4.75,4.52,4.62,4.64,4.58
06/26/2023,4.46,4.48,4.49,4.47,4.76,4.41,4.18,4.34,4.75,4.11,4.13,4.58,4.79,4.57,4.63,4.69,4.59
06/19/2023,4.48,4.50,4.5,4.49,4.78,4.43,4.21,4.33,4.77,4.13,4.15,4.58,4.82,4.61,4.67,4.73,4.62
06/12/2023,4.51,4.53,4.5,4.50,4.80,4.47,4.22,4.34,4.82,4.15,4.18,4.59,4.87,4.66,4.71,4.77,4.65
06/05/2023,4.55,4.56,4.54,4.58,4.84,4.54,4.29,4.37,4.87,4.21,4.22,4.62,4.89,4.70,4.81,4.83,4.71
05/29/2023,4.59,4.60,4.57,4.64,4.86,4.58,4.36,4.43,4.91,4.25,4.27,4.64,4.92,4.73,4.84,4.86,4.76
05/22/2023,4.62,4.63,4.66,4.64,4.87,4.63,4.38,4.43,4.93,4.29,4.31,4.68,4.95,4.78,4.87,4.87,4.77
05/15/2023,4.58,4.65,4.7,4.66,4.91,4.67,4.46,4.53,4.94,4.35,4.39,4.74,4.98,4.82,4.91,4.91,4.83
05/08/2023,4.73,4.69,4.77,4.72,4.95,4.72,4.51,4.59,4.99,4.39,4.47,4.80,5.02,4.89,4.95,4.94,4.87
05/01/2023,4.78,4.73,4.82,4.79,4.99,4.77,4.57,4.59,5.01,4.48,4.53,4.85,5.05,4.94,4.97,4.99,4.94
04/24/2023,4.81,4.79,4.84,4.85,5.01,4.8,4.61,4.67,5.06,4.51,4.55,4.88,5.09,4.97,5.02,4.99,4.97
04/17/2023,4.84,4.84,4.86,4.87,5.02,4.82,4.62,4.7,5.05,4.54,4.57,4.88,5.12,4.99,5.05,5.02,4.98
04/10/2023,4.86,4.86,4.89,4.88,5.03,4.86,4.65,4.75,5.06,4.57,4.59,4.91,5.14,5.02,5.07,5.04,4.99
04/03/2023,4.89,4.88,4.92,4.93,5.03,4.89,4.68,4.89,5.09,4.61,4.62,4.92,5.16,5.06,5.11,5.08,5.02
03/27/2023,4.92,4.93,4.94,4.99,5.07,4.91,4.71,4.97,5.16,4.66,4.65,4.94,5.17,5.08,5.14,5.12,5.05
03/20/2023,4.96,4.98,4.96,5.07,5.10,4.97,4.76,4.98,5.16,4.7,4.69,5.00,5.20,5.12,5.20,5.17,5.09
03/13/2023,4.99,5.02,4.93,5.11,5.13,5.02,4.81,5.04,5.17,4.74,4.72,5.01,5.23,5.15,5.24,5.21,5.14
03/06/2023,5.03,5.08,4.96,5.16,5.18,5.07,4.84,5.12,5.18,4.76,4.74,5.02,5.28,5.20,5.27,5.29,5.16
02/27/2023,5.09,5.16,5.01,5.21,5.23,5.09,4.88,5.21,5.19,4.81,4.80,5.08,5.34,5.26,5.33,5.37,5.21
02/20/2023,5.17,5.21,5.11,5.26,5.29,5.2,4.93,5.27,5.27,4.91,4.92,5.17,5.37,5.30,5.39,5.43,5.29
02/13/2023,5.23,5.00,4.86,5.02,5.00,5.02,4.71,5.03,4.98,4.75,4.73,4.97,5.09,5.02,5.15,5.14,5.05
02/06/2023,5.28,5.34,5.22,5.37,5.35,5.36,5,5.36,5.31,5.08,5.04,5.30,5.44,5.38,5.49,5.48,5.37
01/30/2023,5.28,5.36,5.27,5.38,5.35,5.39,5.03,5.36,5.31,5.09,5.05,5.29,5.45,5.39,5.50,5.48,5.37
01/23/2023,5.27,5.35,5.26,5.36,5.37,5.35,5.07,5.34,5.32,5.12,5.02,5.26,5.45,5.39,5.50,5.48,5.36
01/16/2023,5.30,5.40,5.2,5.40,5.42,5.37,5.07,5.37,5.38,5.14,5.05,5.29,5.48,5.41,5.52,5.5,5.39
01/09/2023,5.03,5.12,5.23,5.40,5.45,5.41,5.17,5.41,5.48,5.17,5.09,5.34,5.52,5.44,5.54,5.57,5.39
01/02/2023,5.35,5.46,5.21,5.42,5.49,5.44,5.25,5.47,5.55,5.22,5.08,5.33,5.55,5.48,5.53,5.59,5.43
12/26/2022,5.41,5.51,5.27,5.46,5.54,5.5,5.31,5.54,5.58,5.32,5.16,5.38,5.58,5.53,5.56,5.64,5.51
12/19/2022,5.52,5.59,5.3,5.58,5.64,5.61,5.43,5.61,5.69,5.48,5.30,5.49,5.67,5.62,5.62,5.71,5.61
12/12/2022,5.68,5.70,5.47,5.71,5.71,5.75,5.52,5.77,5.79,5.64,5.52,5.68,5.73,5.72,5.77,5.78,5.76
12/05/2022,5.80,5.81,5.71,5.80,5.74,5.89,5.68,5.86,5.84,5.77,5.70,5.83,5.77,5.80,5.86,5.88,5.91
11/28/2022,5.90,5.89,5.81,5.87,5.77,5.98,5.75,5.93,5.86,5.86,5.85,6.02,5.81,5.84,5.94,5.92,6.02
11/21/2022,5.98,5.99,5.85,5.92,5.79,6.08,5.83,6.04,5.9,5.95,5.94,6.15,5.84,5.87,5.97,5.97,6.13
11/14/2022,5.96,5.97,5.83,5.94,5.79,6.09,5.83,6.01,5.87,5.95,5.90,6.13,5.83,5.85,5.96,5.9,6.13
11/07/2022,5.87,5.85,5.75,5.83,5.72,5.99,5.76,5.93,5.79,5.85,5.83,6.00,5.76,5.76,5.89,5.82,5.98
10/31/2022,5.79,5.76,5.69,5.80,5.65,5.93,5.71,5.83,5.75,5.76,5.75,5.91,5.69,5.70,5.83,5.71,5.89
10/24/2022,5.70,5.63,5.62,5.78,5.56,5.82,5.64,5.7,5.72,5.69,5.70,5.81,5.60,5.61,5.72,5.67,5.79
10/17/2022,5.33,5.23,5.27,5.41,5.26,5.4,5.31,5.3,5.42,5.26,5.29,5.48,5.30,5.24,5.28,5.3,5.44
10/10/2022,5.02,4.93,5.07,5.08,5.13,5.1,4.93,4.86,5.15,4.83,4.89,5.15,5.13,5.02,4.95,5.08,5.14
10/03/2022,5.02,4.92,5.09,5.07,5.15,5.09,4.93,4.85,5.14,4.83,4.87,5.14,5.15,5.06,4.94,5.08,5.13
09/26/2022,5.09,4.99,5.17,5.13,5.21,5.14,4.98,4.94,5.21,4.89,4.95,5.22,5.20,5.14,5.01,5.12,5.2
09/19/2022,5.08,5.03,5.26,5.23,5.27,5.23,5.08,5.05,5.29,4.95,5.04,5.30,5.28,5.24,5.10,5.2,5.26
09/12/2022,5.24,5.18,5.3,5.30,5.34,5.33,5.14,5.13,5.35,5.02,5.10,5.37,5.35,5.34,5.22,5.3,5.33
09/05/2022,5.32,5.32,5.37,5.39,5.39,5.43,5.17,5.27,5.4,5.09,5.16,5.40,5.46,5.45,5.38,5.44,5.4
08/29/2022,5.37,5.39,5.35,5.42,5.47,5.49,5.18,5.32,5.45,5.17,5.20,5.43,5.50,5.52,5.45,5.46,5.47
08/22/2022,5.45,5.47,5.4,5.49,5.54,5.58,5.23,5.41,5.59,5.27,5.31,5.49,5.57,5.61,5.58,5.61,5.54
08/15/2022,5.55,5.60,5.48,5.55,5.61,5.67,5.34,5.52,5.66,5.36,5.43,5.58,5.67,5.71,5.74,5.71,5.65
08/08/2022,5.67,5.73,5.61,5.63,5.70,5.77,5.48,5.64,5.75,5.5,5.55,5.71,5.74,5.80,5.86,5.85,5.77
08/01/2022,5.68,5.81,5.64,5.71,5.77,5.87,5.61,5.62,5.84,5.62,5.65,5.80,5.82,5.88,5.91,5.91,5.85
07/25/2022,5.86,5.93,5.71,5.83,5.83,5.97,5.76,5.83,5.92,5.75,5.80,5.89,5.91,5.96,5.97,5.98,5.94
07/18/2022,5.99,6.06,5.76,5.94,5.89,6.06,5.89,5.98,5.99,5.87,5.99,6.07,5.99,6.04,6.05,6.1,6.03
07/11/2022,6.11,6.19,5.87,6.01,5.94,6.16,5.98,6.12,6.04,6,6.14,6.23,6.05,6.11,6.17,6.19,6.15
07/04/2022,6.20,6.27,5.96,6.10,5.97,6.29,6.06,6.24,6.08,6.08,6.26,6.35,6.09,6.15,6.26,6.23,6.29
06/27/2022,6.25,6.32,5.97,6.13,5.99,6.37,6.12,6.27,6.12,6.15,6.33,6.41,6.11,6.18,6.27,6.23,6.37
06/20/2022,6.29,6.38,5.99,6.13,6.00,6.4,6.14,6.33,6.14,6.22,6.40,6.46,6.13,6.18,6.27,6.25,6.42
06/13/2022,6.30,6.39,5.96,6.14,6.00,6.43,6.14,6.4,6.16,6.26,6.42,6.45,6.12,6.18,6.27,6.26,6.45
06/06/2022,6.37,6.43,6.07,6.22,6.09,6.51,6.21,6.45,6.29,6.34,6.49,6.50,6.22,6.26,6.31,6.34,6.5
05/30/2022,6.49,6.53,6.15,6.37,6.23,6.61,6.35,6.52,6.41,6.43,6.61,6.65,6.32,6.40,6.44,6.46,6.6
05/23/2022,6.53,6.56,6.21,6.47,6.22,6.64,6.41,6.55,6.44,6.54,6.64,6.74,6.31,6.38,6.44,6.47,6.65
05/16/2022,6.46,6.48,6.16,6.45,6.15,6.58,6.33,6.48,6.4,6.51,6.57,6.68,6.21,6.27,6.34,6.34,6.59
05/09/2022,6.27,6.23,6.05,6.33,5.92,6.43,6.18,6.26,6.25,6.33,6.34,6.45,6.01,6.10,6.17,6.19,6.43
05/02/2022,5.57,5.41,5.52,5.59,5.35,5.69,5.49,5.4,5.49,5.52,5.61,5.79,5.43,5.47,5.48,5.48,5.75
04/25/2022,5.29,5.09,5.35,5.30,5.22,5.27,5.27,5.1,5.21,5.13,5.34,5.50,5.26,5.21,5.19,5.18,5.43
04/18/2022,5.25,5.04,5.31,5.25,5.22,5.19,5.26,5.05,5.18,5.08,5.30,5.45,5.24,5.20,5.13,5.17,5.38
04/11/2022,5.30,5.08,5.35,5.33,5.25,5.24,5.33,5.09,5.21,5.11,5.35,5.50,5.27,5.24,5.17,5.21,5.42
04/04/2022,5.33,5.13,5.36,5.39,5.26,5.33,5.34,5.14,5.25,5.17,5.38,5.53,5.29,5.27,5.25,5.24,5.46
03/28/2022,5.28,5.10,5.3,5.32,5.05,5.3,5.23,5.1,5.25,5.16,5.31,5.49,5.25,5.20,5.18,5.16,5.44
03/21/2022,5.28,5.14,5.31,5.27,5.22,5.26,5.21,5.13,5.28,5.17,5.32,5.47,5.23,5.20,5.19,5.16,5.39
03/14/2022,5.23,5.16,5.26,5.29,5.10,5.3,5.16,5.17,5.27,5.21,5.24,5.39,5.11,5.16,5.20,5.13,5.31
03/07/2022,4.51,4.49,4.46,4.53,4.40,4.53,4.5,4.52,4.47,4.47,4.53,4.65,4.43,4.48,4.52,4.49,4.51
02/28/2022,4.23,4.22,4.16,4.25,4.13,4.16,4.2,4.26,4.23,4.19,4.26,4.38,4.14,4.20,4.21,4.2,4.2
02/21/2022,4.17,4.16,4.09,4.21,4.08,4.12,4.16,4.19,4.19,4.16,4.19,4.33,4.08,4.14,4.16,4.15,4.16
02/14/2022,4.08,4.07,4,4.13,4.00,4.05,4.09,4.1,4.13,4.04,4.09,4.23,4.01,4.06,4.08,4.07,4.08
02/07/2022,3.96,3.94,3.99,3.98,3.84,3.93,3.94,4.01,3.99,3.92,3.95,4.11,3.89,3.93,3.97,3.92,3.98
01/31/2022,3.88,3.84,3.89,3.89,3.76,3.83,3.83,3.93,3.89,3.84,3.88,4.05,3.81,3.84,3.88,3.85,3.91
01/24/2022,3.80,3.74,3.78,3.81,3.70,3.77,3.72,3.81,3.78,3.77,3.81,3.99,3.72,3.75,3.79,3.78,3.87
01/17/2022,3.74,3.66,3.71,3.71,3.65,3.71,3.62,3.71,3.69,3.69,3.75,3.93,3.67,3.70,3.73,3.72,3.82
01/10/2022,3.73,3.65,3.7,3.64,3.64,3.69,3.6,3.71,3.66,3.67,3.74,3.92,3.67,3.68,3.72,3.72,3.81
01/03/2022,3.73,3.65,3.7,3.63,3.65,3.71,3.58,3.7,3.66,3.68,3.73,3.92,3.67,3.68,3.72,3.73,3.8
12/27/2021,3.73,3.65,3.71,3.63,3.64,3.7,3.58,3.7,3.66,3.68,3.74,3.92,3.67,3.68,3.72,3.72,3.81
12/20/2021,3.74,3.66,3.7,3.66,3.64,3.71,3.6,3.7,3.67,3.67,3.75,3.93,3.68,3.70,3.72,3.72,3.81
12/13/2021,3.74,3.66,3.69,3.67,3.64,3.72,3.62,3.71,3.67,3.67,3.77,3.94,3.68,3.70,3.72,3.72,3.82
12/06/2021,3.75,3.67,3.68,3.71,3.65,3.73,3.65,3.71,3.68,3.68,3.78,3.95,3.68,3.71,3.72,3.74,3.83
11/29/2021,3.76,3.67,3.68,3.72,3.65,3.73,3.67,3.71,3.69,3.68,3.79,3.97,3.69,3.72,3.73,3.75,3.83
11/22/2021,3.76,3.68,3.67,3.74,3.65,3.73,3.67,3.71,3.69,3.69,3.78,3.95,3.69,3.72,3.73,3.75,3.82
11/15/2021,3.75,3.67,3.68,3.74,3.65,3.73,3.67,3.71,3.69,3.69,3.78,3.96,3.68,3.71,3.72,3.73,3.82
11/08/2021,3.75,3.67,3.69,3.74,3.64,3.73,3.67,3.71,3.7,3.69,3.78,3.94,3.66,3.71,3.71,3.72,3.8
11/01/2021,3.74,3.67,3.68,3.75,3.64,3.72,3.69,3.7,3.71,3.69,3.76,3.93,3.65,3.69,3.69,3.7,3.79
10/25/2021,3.69,3.62,3.62,3.73,3.58,3.67,3.68,3.66,3.69,3.64,3.71,3.89,3.60,3.65,3.66,3.63,3.74
10/18/2021,3.59,3.52,3.55,3.65,3.48,3.56,3.56,3.55,3.6,3.56,3.59,3.80,3.51,3.56,3.57,3.54,3.64
10/11/2021,3.48,3.39,3.44,3.54,3.39,3.43,3.42,3.41,3.47,3.42,3.50,3.70,3.41,3.44,3.44,3.39,3.54
10/04/2021,3.41,3.31,3.35,3.43,3.32,3.36,3.32,3.32,3.36,3.33,3.44,3.64,3.33,3.35,3.36,3.3,3.48
09/27/2021,3.39,3.30,3.31,3.40,3.30,3.34,3.27,3.3,3.34,3.31,3.43,3.63,3.31,3.33,3.34,3.29,3.46
09/20/2021,3.39,3.29,3.33,3.39,3.29,3.33,3.27,3.3,3.33,3.3,3.42,3.64,3.30,3.33,3.33,3.28,3.46
09/13/2021,3.39,3.28,3.31,3.38,3.29,3.31,3.29,3.29,3.33,3.3,3.42,3.64,3.30,3.33,3.33,3.27,3.45
09/06/2021,3.37,3.27,3.29,3.37,3.27,3.31,3.27,3.28,3.3,3.28,3.41,3.62,3.29,3.31,3.33,3.27,3.45
08/30/2021,3.36,3.24,3.27,3.36,3.24,3.3,3.24,3.24,3.28,3.26,3.40,3.62,3.27,3.30,3.32,3.25,3.44
08/23/2021,3.36,3.25,3.25,3.36,3.24,3.3,3.24,3.24,3.28,3.27,3.40,3.62,3.27,3.31,3.32,3.24,3.44
08/16/2021,3.36,3.24,3.27,3.37,3.24,3.31,3.25,3.25,3.28,3.27,3.40,3.61,3.27,3.30,3.32,3.24,3.44
08/09/2021,3.36,3.24,3.27,3.37,3.23,3.3,3.26,3.24,3.28,3.26,3.39,3.61,3.26,3.30,3.32,3.25,3.45
08/02/2021,3.35,3.24,3.25,3.36,3.23,3.3,3.23,3.24,3.28,3.24,3.38,3.61,3.26,3.29,3.32,3.24,3.43
07/26/2021,3.35,3.24,3.26,3.34,3.22,3.3,3.25,3.24,3.29,3.24,3.37,3.61,3.26,3.29,3.31,3.24,3.42
07/19/2021,3.34,3.24,3.24,3.35,3.22,3.3,3.26,3.24,3.29,3.25,3.38,3.60,3.25,3.29,3.31,3.23,3.42
07/12/2021,3.34,3.23,3.25,3.35,3.22,3.29,3.25,3.23,3.29,3.25,3.37,3.60,3.25,3.28,3.31,3.22,3.4
07/05/2021,3.32,3.22,3.24,3.34,3.21,3.28,3.25,3.22,3.29,3.25,3.36,3.57,3.25,3.27,3.30,3.21,3.4
06/28/2021,3.31,3.20,3.23,3.33,3.19,3.26,3.24,3.21,3.28,3.22,3.34,3.56,3.23,3.27,3.29,3.2,3.38
06/21/2021,3.28,3.17,3.21,3.30,3.17,3.24,3.2,3.18,3.24,3.17,3.31,3.53,3.20,3.23,3.25,3.18,3.38
06/14/2021,3.26,3.13,3.19,3.29,3.13,3.22,3.14,3.16,3.19,3.12,3.28,3.52,3.16,3.20,3.23,3.15,3.35
06/07/2021,3.24,3.12,3.16,3.25,3.11,3.21,3.14,3.15,3.16,3.09,3.27,3.51,3.15,3.19,3.22,3.15,3.34
05/31/2021,3.23,3.12,3.16,3.24,3.10,3.2,3.13,3.14,3.16,3.09,3.26,3.50,3.14,3.18,3.20,3.14,3.33
05/24/2021,3.23,3.12,3.15,3.24,3.09,3.19,3.12,3.13,3.15,3.09,3.25,3.51,3.14,3.16,3.19,3.14,3.32
05/17/2021,3.21,3.10,3.14,3.22,3.07,3.17,3.11,3.13,3.14,3.08,3.24,3.49,3.13,3.15,3.19,3.11,3.3
05/10/2021,3.18,3.08,3.08,3.18,3.05,3.14,3.09,3.08,3.11,3.05,3.20,3.44,3.12,3.12,3.16,3.09,3.27
05/03/2021,3.16,3.06,3.08,3.13,3.04,3.13,3.06,3.07,3.1,3.01,3.17,3.43,3.11,3.10,3.15,3.09,3.25
04/26/2021,3.16,3.06,3.08,3.13,3.04,3.12,3.05,3.06,3.1,3.01,3.16,3.42,3.11,3.10,3.13,3.09,3.24
04/19/2021,3.15,3.06,3.07,3.11,3.04,3.11,3.03,3.06,3.08,3,3.15,3.41,3.10,3.10,3.14,3.08,3.24
04/12/2021,3.15,3.06,3.06,3.13,3.04,3.12,3.04,3.08,3.09,3.01,3.16,3.41,3.10,3.10,3.14,3.08,3.23
04/05/2021,3.16,3.06,3.08,3.13,3.04,3.12,3.06,3.09,3.1,3.03,3.16,3.42,3.10,3.10,3.14,3.08,3.24
03/29/2021,3.16,3.07,3.08,3.16,3.05,3.12,3.07,3.09,3.11,3.04,3.17,3.42,3.10,3.10,3.13,3.08,3.25
03/22/2021,3.16,3.07,3.1,3.17,3.05,3.12,3.07,3.08,3.1,3.05,3.17,3.41,3.10,3.10,3.13,3.08,3.24
03/15/2021,3.13,3.03,3.07,3.16,3.03,3.1,3.04,3.06,3.04,3.03,3.14,3.37,3.08,3.08,3.09,3.05,3.22
03/08/2021,3.08,2.98,3.03,3.13,2.97,3.05,2.98,2.98,2.99,2.99,3.10,3.34,3.04,3.02,3.03,2.98,3.18
03/01/2021,3.03,2.92,2.98,3.08,2.92,3,2.91,2.92,2.94,2.92,3.02,3.30,2.97,2.96,2.99,2.92,3.12
02/22/2021,2.97,2.86,2.91,3.01,2.88,2.93,2.83,2.86,2.87,2.86,2.96,3.24,2.91,2.92,2.94,2.86,3.06
02/15/2021,2.92,2.81,2.84,2.96,2.84,2.87,2.74,2.79,2.82,2.8,2.91,3.21,2.88,2.87,2.90,2.78,3.02
02/08/2021,2.89,2.77,2.83,2.91,2.82,2.86,2.68,2.76,2.79,2.77,2.88,3.16,2.86,2.83,2.87,2.78,2.99
02/01/2021,2.87,2.75,2.83,2.90,2.81,2.85,2.66,2.74,2.78,2.75,2.86,3.13,2.85,2.82,2.85,2.76,2.97
01/25/2021,2.86,2.73,2.82,2.88,2.82,2.83,2.64,2.7,2.79,2.74,2.84,3.13,2.85,2.82,2.84,2.75,2.96
01/18/2021,2.84,2.71,2.8,2.86,2.80,2.82,2.59,2.67,2.78,2.73,2.81,3.11,2.83,2.81,2.83,2.73,2.94
01/11/2021,2.81,2.68,2.79,2.82,2.77,2.8,2.54,2.65,2.75,2.7,2.78,3.07,2.83,2.79,2.81,2.7,2.9
01/04/2021,2.80,2.67,2.78,2.81,2.76,2.78,2.51,2.59,2.75,2.68,2.76,3.06,2.82,2.79,2.82,2.69,2.88
12/28/2020,2.79,2.66,2.77,2.81,2.76,2.78,2.5,2.59,2.75,2.69,2.75,3.03,2.82,2.79,2.80,2.7,2.88
12/21/2020,2.78,2.64,2.79,2.77,2.75,2.77,2.45,2.58,2.71,2.67,2.75,3.03,2.81,2.78,2.80,2.7,2.87
12/14/2020,2.77,2.63,2.78,2.74,2.75,2.78,2.43,2.56,2.72,2.67,2.72,3.02,2.82,2.78,2.79,2.67,2.87
12/07/2020,2.76,2.63,2.78,2.75,2.76,2.8,2.4,2.57,2.73,2.67,2.72,3.01,2.82,2.78,2.78,2.69,2.86
11/30/2020,2.76,2.63,2.77,2.71,2.76,2.79,2.37,2.56,2.72,2.68,2.71,3.01,2.81,2.77,2.78,2.69,2.86
11/23/2020,2.76,2.63,2.77,2.71,2.75,2.79,2.38,2.56,2.72,2.67,2.72,3.01,2.82,2.76,2.78,2.68,2.87
11/16/2020,2.76,2.64,2.77,2.70,2.75,2.79,2.39,2.57,2.72,2.68,2.72,3.00,2.82,2.77,2.78,2.68,2.86
11/09/2020,2.76,2.64,2.76,2.70,2.74,2.81,2.36,2.57,2.72,2.68,2.72,3.01,2.82,2.77,2.79,2.7,2.88
11/02/2020,2.77,2.64,2.73,2.73,2.75,2.8,2.38,2.57,2.73,2.68,2.73,3.03,2.83,2.77,2.78,2.7,2.89
10/26/2020,2.78,2.64,2.75,2.73,2.76,2.83,2.38,2.57,2.74,2.7,2.75,3.03,2.83,2.78,2.77,2.71,2.89
10/19/2020,2.78,2.65,2.75,2.73,2.77,2.83,2.38,2.57,2.74,2.7,2.75,3.05,2.82,2.78,2.79,2.71,2.88
10/12/2020,2.79,2.65,2.77,2.74,2.77,2.83,2.39,2.57,2.75,2.7,2.76,3.05,2.83,2.78,2.79,2.7,2.91
10/05/2020,2.79,2.65,2.77,2.76,2.77,2.83,2.4,2.58,2.77,2.71,2.76,3.06,2.83,2.80,2.80,2.7,2.9
09/28/2020,2.80,2.66,2.78,2.76,2.77,2.82,2.44,2.57,2.79,2.72,2.76,3.07,2.84,2.80,2.80,2.71,2.92
09/21/2020,2.80,2.67,2.78,2.77,2.78,2.82,2.44,2.59,2.81,2.74,2.77,3.06,2.84,2.80,2.79,2.72,2.91
09/14/2020,2.81,2.67,2.81,2.79,2.77,2.83,2.45,2.6,2.82,2.75,2.78,3.09,2.85,2.80,2.80,2.71,2.91
09/07/2020,2.81,2.68,2.81,2.80,2.79,2.83,2.46,2.59,2.83,2.75,2.78,3.08,2.85,2.81,2.80,2.72,2.92
08/31/2020,2.81,2.67,2.79,2.80,2.79,2.84,2.47,2.6,2.83,2.76,2.79,3.08,2.85,2.81,2.80,2.71,2.92
08/24/2020,2.81,2.68,2.8,2.79,2.79,2.84,2.46,2.61,2.82,2.74,2.79,3.07,2.85,2.81,2.79,2.71,2.94
08/17/2020,2.82,2.68,2.81,2.79,2.79,2.84,2.46,2.61,2.82,2.75,2.80,3.08,2.85,2.81,2.80,2.72,2.93
08/10/2020,2.83,2.69,2.81,2.79,2.80,2.85,2.47,2.58,2.81,2.77,2.80,3.08,2.85,2.81,2.81,2.73,2.96
08/03/2020,2.83,2.69,2.8,2.80,2.80,2.86,2.47,2.58,2.82,2.77,2.81,3.09,2.86,2.81,2.80,2.73,2.97
07/27/2020,2.83,2.69,2.82,2.81,2.80,2.86,2.49,2.59,2.83,2.77,2.82,3.09,2.86,2.82,2.80,2.73,2.97
07/20/2020,2.84,2.70,2.84,2.81,2.80,2.87,2.46,2.59,2.84,2.77,2.81,3.09,2.86,2.82,2.81,2.72,2.97
07/13/2020,2.84,2.69,2.86,2.80,2.81,2.86,2.47,2.6,2.84,2.78,2.82,3.09,2.86,2.82,2.80,2.74,2.96
07/06/2020,2.84,2.71,2.85,2.80,2.81,2.88,2.47,2.62,2.84,2.79,2.82,3.10,2.86,2.83,2.82,2.75,2.96
06/29/2020,2.84,2.73,2.82,2.80,2.81,2.88,2.47,2.65,2.83,2.79,2.82,3.10,2.86,2.82,2.80,2.76,2.97
06/22/2020,2.84,2.71,2.83,2.79,2.80,2.87,2.48,2.64,2.82,2.81,2.69,3.10,2.86,2.82,2.80,2.72,2.97
06/15/2020,2.84,2.71,2.85,2.78,2.81,2.86,2.48,2.65,2.82,2.8,2.83,3.10,2.86,2.82,2.79,2.73,2.97
06/08/2020,2.83,2.71,2.8,2.77,2.82,2.86,2.48,2.61,2.81,2.81,2.82,3.10,2.86,2.81,2.78,2.75,2.97
06/01/2020,2.83,2.71,2.77,2.76,2.83,2.86,2.48,2.6,2.81,2.8,2.81,3.10,2.86,2.81,2.77,2.73,2.97
05/25/2020,2.83,2.70,2.79,2.76,2.83,2.86,2.49,2.59,2.81,2.79,2.81,3.11,2.86,2.81,2.76,2.72,2.97
05/18/2020,2.83,2.68,2.78,2.75,2.83,2.86,2.5,2.56,2.82,2.79,2.82,3.12,2.86,2.81,2.76,2.71,2.97
05/11/2020,2.83,2.70,2.78,2.78,2.83,2.86,2.51,2.55,2.82,2.79,2.81,3.14,2.86,2.82,2.75,2.71,2.97
05/04/2020,2.85,2.71,2.83,2.77,2.84,2.88,2.51,2.58,2.84,2.81,2.83,3.15,2.87,2.82,2.75,2.71,2.98
04/27/2020,2.88,2.76,2.84,2.81,2.85,2.93,2.53,2.63,2.86,2.84,2.85,3.18,2.88,2.84,2.79,2.76,3.01
04/20/2020,2.90,2.79,2.85,2.83,2.88,2.95,2.58,2.68,2.88,2.87,2.87,3.19,2.90,2.86,2.82,2.79,3.03
04/13/2020,2.92,2.83,2.91,2.84,2.90,2.95,2.62,2.74,2.9,2.88,2.89,3.20,2.93,2.89,2.87,2.83,3.04
04/06/2020,2.95,2.87,2.94,2.86,2.93,2.98,2.69,2.79,2.93,2.91,2.91,3.22,2.95,2.91,2.88,2.86,3.08
03/30/2020,2.98,2.90,2.93,2.88,2.95,3,2.75,2.81,2.96,2.92,2.93,3.24,2.98,2.94,2.92,2.9,3.1
03/23/2020,3.02,2.96,2.97,2.93,2.97,3.05,2.82,2.92,2.99,2.95,2.96,3.26,3.00,2.97,2.97,2.97,3.14
03/16/2020,3.06,3.02,3.02,2.97,3.00,3.08,2.88,2.99,3.02,2.98,3.00,3.29,3.03,2.99,3.03,3.01,3.18
03/09/2020,3.10,3.05,3.08,3.00,3.03,3.12,2.93,3.03,3.05,3.02,3.03,3.33,3.05,3.02,3.06,3.04,3.22
03/02/2020,3.12,3.06,3.1,3.03,3.04,3.14,2.97,3.05,3.07,3.02,3.06,3.35,3.06,3.03,3.08,3.07,3.24
02/24/2020,3.12,3.07,3.09,3.04,3.04,3.16,2.98,3.05,3.07,3.04,3.07,3.35,3.06,3.04,3.08,3.11,3.24
02/17/2020,3.13,3.08,3.1,3.04,3.05,3.16,2.99,3.06,3.07,3.05,3.09,3.36,3.07,3.04,3.09,3.12,3.25
02/10/2020,3.15,3.09,3.11,3.06,3.06,3.17,2.99,3.07,3.09,3.08,3.10,3.37,3.08,3.05,3.09,3.12,3.27
02/03/2020,3.17,3.12,3.12,3.11,3.07,3.18,3.02,3.1,3.1,3.09,3.13,3.39,3.09,3.07,3.11,3.13,3.29
01/27/2020,3.18,3.13,3.13,3.15,3.08,3.19,3.04,3.1,3.11,3.11,3.14,3.39,3.11,3.09,3.13,3.14,3.3
01/20/2020,3.19,3.14,3.14,3.17,3.09,3.21,3.05,3.11,3.12,3.12,3.16,3.40,3.11,3.10,3.13,3.15,3.3
01/13/2020,3.19,3.13,3.15,3.18,3.10,3.21,3.06,3.1,3.14,3.13,3.16,3.40,3.11,3.11,3.14,3.15,3.31
01/06/2020,3.18,3.11,3.15,3.16,3.10,3.2,3.06,3.08,3.1,3.12,3.14,3.40,3.11,3.10,3.12,3.14,3.3
12/30/2019,3.16,3.06,3.13,3.14,3.08,3.18,3.03,3.03,3.06,3.09,3.12,3.40,3.10,3.07,3.08,3.12,3.29
12/23/2019,3.15,3.05,3.12,3.13,3.09,3.17,3.01,3.02,3.05,3.09,3.10,3.38,3.10,3.06,3.08,3.12,3.3
12/16/2019,3.15,3.05,3.12,3.12,3.09,3.17,3.01,3.02,3.04,3.09,3.09,3.38,3.10,3.06,3.08,3.12,3.29
12/09/2019,3.15,3.05,3.11,3.12,3.10,3.17,3.01,3.02,3.05,3.09,3.10,3.38,3.10,3.07,3.08,3.12,3.3
12/02/2019,3.15,3.05,3.14,3.12,3.09,3.17,3.02,3.01,3.07,3.09,3.10,3.38,3.10,3.07,3.08,3.13,3.28
11/25/2019,3.15,3.05,3.12,3.13,3.10,3.18,3.02,3.01,3.05,3.08,3.10,3.38,3.10,3.07,3.09,3.14,3.29
11/18/2019,3.15,3.05,3.13,3.12,3.10,3.18,3.01,3.02,3.05,3.08,3.10,3.38,3.10,3.06,3.09,3.11,3.29
11/11/2019,3.15,3.04,3.12,3.12,3.10,3.19,3.03,3.02,3.06,3.07,3.11,3.38,3.10,3.06,3.09,3.11,3.3
11/04/2019,3.15,3.04,3.12,3.12,3.10,3.19,3.01,3.02,3.05,3.07,3.10,3.37,3.10,3.06,3.09,3.12,3.29
10/28/2019,3.14,3.04,3.13,3.10,3.10,3.19,2.99,3.01,3.04,3.07,3.09,3.37,3.10,3.05,3.09,3.12,3.29
10/21/2019,3.15,3.04,3.12,3.10,3.10,3.19,3,3.03,3.04,3.07,3.10,3.37,3.10,3.05,3.09,3.12,3.29
10/14/2019,3.15,3.06,3.12,3.12,3.10,3.2,3.03,3.03,3.04,3.07,3.11,3.37,3.10,3.06,3.10,3.12,3.3
10/07/2019,3.16,3.06,3.13,3.12,3.11,3.2,3.05,3.03,3.04,3.07,3.11,3.38,3.11,3.08,3.11,3.12,3.29
09/30/2019,3.17,3.06,3.13,3.13,3.11,3.21,3.06,3.04,3.06,3.07,3.12,3.39,3.12,3.08,3.12,3.13,3.3
09/23/2019,3.17,3.06,3.13,3.12,3.12,3.21,3.07,3.03,3.05,3.07,3.12,3.39,3.12,3.09,3.13,3.16,3.31
09/16/2019,3.15,3.03,3.11,3.08,3.10,3.21,3.02,3.01,3.02,3.05,3.10,3.38,3.11,3.06,3.11,3.12,3.3
09/09/2019,3.15,3.03,3.14,3.09,3.10,3.21,3.02,3.02,3.02,3.05,3.10,3.40,3.11,3.07,3.11,3.13,3.31
09/02/2019,3.17,3.04,3.14,3.11,3.11,3.21,3.02,3.02,3.01,3.06,3.12,3.41,3.12,3.08,3.12,3.13,3.32
08/26/2019,3.18,3.05,3.16,3.12,3.12,3.23,3.03,3.02,3.02,3.07,3.14,3.43,3.12,3.08,3.13,3.13,3.32
08/19/2019,3.19,3.06,3.14,3.14,3.12,3.24,3.04,3.02,3.02,3.09,3.16,3.43,3.12,3.09,3.13,3.12,3.34
08/12/2019,3.20,3.07,3.14,3.17,3.13,3.25,3.06,3.03,3.04,3.1,3.18,3.44,3.13,3.10,3.13,3.13,3.35
08/05/2019,3.21,3.08,3.15,3.17,3.13,3.25,3.06,3.04,3.04,3.11,3.20,3.45,3.14,3.10,3.13,3.13,3.36
07/29/2019,3.22,3.08,3.16,3.16,3.15,3.26,3.06,3.04,3.05,3.13,3.21,3.46,3.14,3.10,3.14,3.13,3.36
07/22/2019,3.22,3.08,3.16,3.17,3.15,3.26,3.07,3.03,3.06,3.14,3.21,3.46,3.14,3.11,3.14,3.14,3.37
07/15/2019,3.22,3.09,3.16,3.18,3.15,3.26,3.07,3.04,3.06,3.14,3.21,3.45,3.14,3.11,3.14,3.15,3.36
07/08/2019,3.22,3.08,3.17,3.19,3.16,3.26,3.08,3.04,3.07,3.15,3.21,3.45,3.15,3.11,3.14,3.14,3.37
07/01/2019,3.22,3.09,3.16,3.18,3.16,3.26,3.07,3.03,3.08,3.14,3.20,3.45,3.14,3.11,3.14,3.14,3.36
06/24/2019,3.22,3.09,3.18,3.19,3.16,3.27,3.07,3.04,3.1,3.15,3.22,3.46,3.15,3.11,3.14,3.14,3.37
06/17/2019,3.24,3.11,3.22,3.22,3.17,3.28,3.08,3.05,3.15,3.17,3.24,3.48,3.15,3.12,3.15,3.16,3.38
06/10/2019,3.26,3.13,3.22,3.25,3.18,3.3,3.11,3.08,3.17,3.19,3.26,3.49,3.16,3.14,3.16,3.16,3.4
06/03/2019,3.26,3.13,3.23,3.27,3.18,3.3,3.13,3.08,3.19,3.19,3.27,3.51,3.17,3.15,3.17,3.17,3.39
05/27/2019,3.27,3.14,3.24,3.27,3.18,3.31,3.15,3.07,3.17,3.18,3.28,3.52,3.17,3.16,3.17,3.17,3.41
05/20/2019,3.28,3.15,3.24,3.28,3.18,3.31,3.15,3.07,3.19,3.18,3.29,3.52,3.17,3.16,3.17,3.16,3.41
05/13/2019,3.28,3.15,3.24,3.30,3.19,3.32,3.16,3.07,3.19,3.19,3.30,3.53,3.16,3.16,3.17,3.17,3.41
05/06/2019,3.28,3.15,3.25,3.30,3.18,3.31,3.16,3.08,3.19,3.21,3.30,3.53,3.17,3.17,3.17,3.16,3.42
04/29/2019,3.27,3.15,3.24,3.29,3.18,3.3,3.16,3.08,3.21,3.21,3.29,3.52,3.16,3.16,3.16,3.16,3.4
04/22/2019,3.26,3.14,3.23,3.28,3.16,3.29,3.15,3.08,3.19,3.19,3.26,3.50,3.15,3.14,3.15,3.15,3.37
04/15/2019,3.24,3.14,3.21,3.25,3.15,3.27,3.09,3.09,3.17,3.19,3.24,3.49,3.14,3.13,3.15,3.15,3.36
04/08/2019,3.23,3.13,3.22,3.23,3.15,3.26,3.06,3.09,3.16,3.19,3.23,3.47,3.14,3.12,3.15,3.15,3.34
04/01/2019,3.23,3.14,3.22,3.23,3.14,3.26,3.07,3.09,3.16,3.18,3.21,3.47,3.14,3.12,3.14,3.15,3.36
03/25/2019,3.23,3.13,3.21,3.22,3.14,3.26,3.06,3.08,3.15,3.17,3.21,3.46,3.14,3.12,3.14,3.15,3.34
03/18/2019,3.22,3.12,3.21,3.21,3.13,3.25,3.05,3.08,3.13,3.16,3.20,3.46,3.13,3.12,3.14,3.14,3.33
03/11/2019,3.21,3.11,3.19,3.21,3.13,3.24,3.04,3.07,3.13,3.14,3.18,3.44,3.13,3.10,3.12,3.12,3.32
03/04/2019,3.20,3.10,3.2,3.21,3.12,3.24,3.04,3.04,3.13,3.14,3.18,3.44,3.12,3.09,3.09,3.1,3.32
02/25/2019,3.18,3.09,3.21,3.19,3.11,3.23,3.03,3.03,3.12,3.13,3.16,3.44,3.11,3.07,3.07,3.08,3.31
02/18/2019,3.18,3.08,3.19,3.18,3.11,3.23,3.01,3.01,3.11,3.1,3.15,3.42,3.11,3.05,3.06,3.07,3.3
02/11/2019,3.18,3.09,3.2,3.20,3.11,3.23,3.01,3.02,3.11,3.11,3.15,3.43,3.12,3.06,3.06,3.07,3.3
02/04/2019,3.19,3.10,3.21,3.20,3.12,3.25,3,3.02,3.11,3.12,3.16,3.43,3.13,3.07,3.07,3.08,3.31
01/28/2019,3.19,3.09,3.21,3.21,3.13,3.24,3.01,3.02,3.12,3.11,3.17,3.44,3.14,3.09,3.08,3.09,3.31
01/21/2019,3.20,3.11,3.21,3.21,3.15,3.25,3.01,3.04,3.13,3.13,3.18,3.45,3.16,3.10,3.09,3.12,3.31
01/14/2019,3.22,3.12,3.21,3.23,3.17,3.26,3.04,3.06,3.15,3.15,3.20,3.45,3.19,3.12,3.10,3.12,3.33
01/07/2019,3.24,3.14,3.23,3.27,3.21,3.28,3.1,3.09,3.18,3.17,3.23,3.46,3.20,3.14,3.14,3.17,3.35
12/31/2018,3.27,3.16,3.27,3.31,3.23,3.29,3.14,3.12,3.22,3.2,3.25,3.48,3.22,3.18,3.17,3.23,3.36
12/24/2018,3.29,3.18,3.26,3.34,3.25,3.31,3.19,3.16,3.24,3.21,3.28,3.51,3.25,3.21,3.23,3.26,3.38
12/17/2018,3.31,3.21,3.27,3.35,3.27,3.31,3.25,3.19,3.27,3.23,3.30,3.52,3.27,3.22,3.25,3.28,3.39
12/10/2018,3.33,3.23,3.28,3.37,3.29,3.33,3.28,3.21,3.29,3.25,3.32,3.53,3.29,3.24,3.27,3.29,3.41
12/03/2018,3.36,3.25,3.31,3.41,3.30,3.33,3.33,3.24,3.33,3.29,3.35,3.56,3.30,3.27,3.30,3.3,3.43
11/26/2018,3.38,3.28,3.33,3.44,3.31,3.36,3.36,3.27,3.35,3.31,3.38,3.57,3.32,3.29,3.32,3.32,3.45
11/19/2018,3.39,3.30,3.32,3.46,3.32,3.38,3.36,3.28,3.37,3.33,3.40,3.58,3.33,3.31,3.32,3.35,3.46
11/12/2018,3.41,3.31,3.34,3.47,3.34,3.38,3.37,3.29,3.38,3.34,3.42,3.59,3.34,3.33,3.34,3.37,3.47
11/05/2018,3.42,3.31,3.36,3.48,3.34,3.38,3.37,3.29,3.41,3.35,3.43,3.61,3.34,3.34,3.35,3.38,3.48
10/29/2018,3.42,3.32,3.35,3.49,3.34,3.38,3.39,3.29,3.39,3.34,3.44,3.61,3.34,3.35,3.36,3.37,3.48
10/22/2018,3.42,3.32,3.35,3.49,3.34,3.39,3.39,3.31,3.4,3.35,3.44,3.62,3.34,3.35,3.36,3.37,3.48
10/15/2018,3.41,3.32,3.31,3.49,3.31,3.39,3.4,3.31,3.4,3.36,3.44,3.61,3.33,3.36,3.36,3.36,3.48
10/08/2018,3.38,3.30,3.29,3.45,3.27,3.37,3.35,3.28,3.38,3.32,3.40,3.57,3.30,3.32,3.33,3.32,3.46
10/01/2018,3.34,3.25,3.27,3.40,3.25,3.33,3.28,3.23,3.31,3.24,3.35,3.54,3.26,3.26,3.25,3.28,3.42
09/24/2018,3.33,3.23,3.25,3.39,3.25,3.33,3.25,3.2,3.29,3.22,3.35,3.53,3.25,3.25,3.24,3.27,3.41
09/17/2018,3.33,3.23,3.26,3.39,3.25,3.33,3.25,3.2,3.29,3.22,3.34,3.54,3.25,3.25,3.23,3.27,3.41
09/10/2018,3.33,3.23,3.27,3.39,3.25,3.33,3.25,3.19,3.3,3.21,3.34,3.53,3.25,3.25,3.24,3.27,3.41
09/03/2018,3.32,3.22,3.27,3.38,3.24,3.32,3.23,3.17,3.29,3.21,3.33,3.53,3.24,3.23,3.23,3.27,3.4
08/27/2018,3.32,3.22,3.26,3.39,3.23,3.33,3.23,3.17,3.25,3.22,3.33,3.53,3.24,3.23,3.22,3.25,3.4
08/20/2018,3.32,3.23,3.26,3.39,3.24,3.34,3.23,3.18,3.27,3.22,3.35,3.53,3.24,3.24,3.22,3.25,3.4
08/13/2018,3.33,3.23,3.26,3.39,3.24,3.34,3.23,3.19,3.27,3.23,3.35,3.53,3.24,3.24,3.23,3.26,3.41
08/06/2018,3.33,3.23,3.28,3.39,3.24,3.34,3.23,3.19,3.27,3.24,3.35,3.53,3.24,3.24,3.22,3.27,3.41
07/30/2018,3.33,3.23,3.27,3.39,3.25,3.35,3.22,3.19,3.25,3.24,3.35,3.52,3.25,3.24,3.23,3.27,3.42
07/23/2018,3.33,3.23,3.28,3.39,3.25,3.36,3.23,3.2,3.27,3.25,3.36,3.53,3.25,3.25,3.24,3.28,3.42
07/16/2018,3.34,3.23,3.26,3.38,3.25,3.37,3.23,3.21,3.27,3.26,3.36,3.53,3.26,3.25,3.24,3.29,3.42
07/09/2018,3.34,3.24,3.27,3.36,3.25,3.37,3.23,3.22,3.27,3.26,3.36,3.53,3.25,3.25,3.25,3.29,3.41
07/02/2018,3.34,3.24,3.26,3.38,3.25,3.38,3.23,3.23,3.28,3.27,3.37,3.53,3.25,3.25,3.23,3.28,3.42
06/25/2018,3.35,3.25,3.27,3.39,3.25,3.38,3.26,3.25,3.31,3.28,3.38,3.54,3.26,3.26,3.24,3.3,3.43
06/18/2018,3.36,3.26,3.27,3.39,3.26,3.39,3.28,3.27,3.33,3.3,3.41,3.55,3.27,3.27,3.25,3.3,3.45
06/11/2018,3.37,3.27,3.28,3.40,3.26,3.39,3.29,3.27,3.37,3.32,3.42,3.56,3.28,3.27,3.27,3.31,3.45
06/04/2018,3.37,3.27,3.29,3.39,3.24,3.39,3.31,3.27,3.36,3.31,3.42,3.56,3.28,3.28,3.27,3.31,3.44
05/28/2018,3.36,3.26,3.27,3.41,3.23,3.38,3.3,3.26,3.35,3.31,3.41,3.54,3.27,3.28,3.26,3.31,3.44
05/21/2018,3.33,3.24,3.25,3.37,3.18,3.33,3.26,3.24,3.32,3.28,3.38,3.50,3.23,3.25,3.24,3.25,3.4
05/14/2018,3.28,3.20,3.2,3.32,3.14,3.29,3.2,3.21,3.26,3.22,3.34,3.45,3.19,3.21,3.20,3.23,3.34
05/07/2018,3.26,3.18,3.17,3.29,3.12,3.27,3.18,3.17,3.23,3.2,3.31,3.44,3.17,3.19,3.19,3.22,3.31
04/30/2018,3.24,3.17,3.15,3.29,3.10,3.26,3.16,3.13,3.23,3.18,3.28,3.41,3.15,3.17,3.17,3.19,3.28
04/23/2018,3.21,3.15,3.13,3.27,3.09,3.22,3.13,3.09,3.18,3.13,3.23,3.37,3.12,3.13,3.14,3.16,3.24
04/16/2018,3.18,3.12,3.1,3.25,3.07,3.17,3.11,3.08,3.15,3.11,3.19,3.35,3.09,3.10,3.13,3.14,3.21
04/09/2018,3.17,3.11,3.12,3.23,3.06,3.17,3.08,3.06,3.16,3.12,3.18,3.34,3.08,3.09,3.12,3.12,3.21
04/02/2018,3.16,3.11,3.12,3.22,3.05,3.17,3.07,3.06,3.15,3.09,3.18,3.34,3.08,3.08,3.11,3.12,3.21
03/26/2018,3.15,3.10,3.1,3.19,3.05,3.16,3.04,3.06,3.12,3.06,3.15,3.31,3.08,3.07,3.11,3.11,3.19
03/19/2018,3.15,3.12,3.11,3.19,3.05,3.15,3.04,3.09,3.12,3.07,3.15,3.31,3.09,3.07,3.11,3.12,3.19
03/12/2018,3.17,3.15,3.12,3.20,3.06,3.17,3.05,3.1,3.15,3.08,3.16,3.32,3.11,3.09,3.13,3.15,3.2
03/05/2018,3.18,3.17,3.13,3.22,3.06,3.18,3.07,3.14,3.17,3.1,3.18,3.33,3.12,3.10,3.14,3.17,3.2
02/26/2018,3.19,3.18,3.15,3.22,3.06,3.18,3.1,3.16,3.17,3.13,3.20,3.34,3.12,3.11,3.15,3.19,3.21
02/19/2018,3.21,3.19,3.14,3.24,3.08,3.19,3.1,3.19,3.19,3.15,3.22,3.35,3.14,3.14,3.16,3.22,3.22
02/12/2018,3.22,3.20,3.18,3.26,3.08,3.2,3.13,3.2,3.2,3.18,3.23,3.36,3.15,3.16,3.18,3.23,3.23
02/05/2018,3.21,3.19,3.13,3.25,3.07,3.19,3.12,3.19,3.2,3.17,3.23,3.34,3.14,3.16,3.17,3.21,3.22
01/29/2018,3.18,3.18,3.09,3.20,3.03,3.16,3.09,3.19,3.15,3.15,3.19,3.30,3.12,3.13,3.14,3.19,3.19
01/22/2018,3.14,3.14,3.06,3.14,2.99,3.14,3.06,3.17,3.13,3.09,3.14,3.27,3.08,3.10,3.11,3.16,3.16
01/15/2018,3.10,3.09,3.04,3.09,2.95,3.1,3.03,3.12,3.08,3.04,3.10,3.24,3.03,3.06,3.08,3.13,3.12
01/08/2018,3.04,3.02,2.98,3.03,2.90,3.04,2.96,3.05,3.01,3,3.05,3.20,2.97,3.01,3.04,3.06,3.06
01/01/2018,2.97,2.94,2.92,2.96,2.86,2.99,2.9,2.95,2.94,2.92,2.98,3.15,2.88,2.92,2.95,2.98,3.02
12/25/2017,2.95,2.91,2.9,2.95,2.87,2.96,2.88,2.91,2.92,2.9,2.96,3.13,2.86,2.89,2.90,2.95,3.01
12/18/2017,2.95,2.91,2.9,2.94,2.86,2.96,2.88,2.89,2.92,2.9,2.96,3.14,2.86,2.89,2.90,2.94,3
12/11/2017,2.95,2.90,2.9,2.95,2.84,2.96,2.88,2.88,2.91,2.9,2.96,3.13,2.87,2.88,2.90,2.94,3
12/04/2017,2.94,2.89,2.9,2.93,2.85,2.96,2.88,2.86,2.89,2.9,2.96,3.13,2.86,2.88,2.91,2.93,3
11/27/2017,2.93,2.88,2.88,2.92,2.83,2.95,2.87,2.85,2.9,2.88,2.95,3.13,2.85,2.87,2.89,2.91,2.99
11/20/2017,2.93,2.86,2.86,2.92,2.82,2.94,2.88,2.83,2.9,2.88,2.95,3.11,2.84,2.86,2.88,2.89,2.99
11/13/2017,2.90,2.82,2.85,2.89,2.80,2.92,2.85,2.81,2.85,2.86,2.93,3.06,2.82,2.83,2.84,2.84,2.96
11/06/2017,2.86,2.78,2.81,2.85,2.78,2.9,2.81,2.76,2.81,2.82,2.89,3.03,2.78,2.78,2.80,2.79,2.94
10/30/2017,2.85,2.77,2.79,2.84,2.77,2.89,2.79,2.74,2.8,2.8,2.87,3.03,2.76,2.75,2.77,2.77,2.94
10/23/2017,2.85,2.77,2.8,2.84,2.77,2.89,2.79,2.74,2.8,2.79,2.87,3.03,2.76,2.74,2.76,2.76,2.94
10/16/2017,2.85,2.77,2.79,2.84,2.76,2.9,2.8,2.74,2.81,2.79,2.88,3.04,2.77,2.74,2.77,2.77,2.94
10/09/2017,2.86,2.78,2.78,2.86,2.77,2.9,2.83,2.74,2.82,2.81,2.89,3.04,2.78,2.76,2.78,2.79,2.96
10/02/2017,2.86,2.78,2.78,2.86,2.76,2.89,2.82,2.73,2.82,2.8,2.89,3.04,2.78,2.76,2.77,2.77,2.95
09/25/2017,2.85,2.77,2.78,2.85,2.75,2.88,2.78,2.73,2.8,2.78,2.89,3.03,2.77,2.76,2.75,2.76,2.94
09/18/2017,2.85,2.77,2.76,2.85,2.75,2.87,2.8,2.75,2.81,2.78,2.91,3.04,2.77,2.75,2.76,2.75,2.95
09/11/2017,2.84,2.76,2.75,2.83,2.71,2.87,2.76,2.72,2.79,2.79,2.90,3.03,2.75,2.73,2.75,2.73,2.93
09/04/2017,2.73,2.65,2.66,2.74,2.60,2.72,2.68,2.62,2.69,2.67,2.77,2.92,2.65,2.64,2.63,2.63,2.83
08/28/2017,2.70,2.62,2.65,2.70,2.57,2.69,2.64,2.59,2.65,2.63,2.73,2.90,2.62,2.60,2.60,2.6,2.79
08/21/2017,2.70,2.62,2.64,2.71,2.56,2.7,2.64,2.6,2.64,2.64,2.73,2.91,2.63,2.61,2.61,2.6,2.79
08/14/2017,2.70,2.63,2.63,2.70,2.54,2.7,2.63,2.61,2.63,2.63,2.73,2.90,2.62,2.61,2.61,2.58,2.78
08/07/2017,2.69,2.61,2.62,2.69,2.53,2.69,2.62,2.6,2.62,2.62,2.72,2.89,2.60,2.59,2.59,2.55,2.77
07/31/2017,2.66,2.57,2.59,2.67,2.52,2.67,2.56,2.54,2.59,2.57,2.69,2.88,2.54,2.54,2.55,2.52,2.75
07/24/2017,2.65,2.56,2.58,2.65,2.52,2.67,2.52,2.53,2.59,2.55,2.68,2.88,2.52,2.52,2.54,2.51,2.75
07/17/2017,2.65,2.56,2.58,2.65,2.52,2.66,2.5,2.53,2.58,2.55,2.68,2.88,2.52,2.51,2.54,2.5,2.75
07/10/2017,2.65,2.56,2.59,2.65,2.52,2.67,2.5,2.54,2.58,2.54,2.68,2.88,2.53,2.52,2.54,2.51,2.75
07/03/2017,2.65,2.56,2.58,2.65,2.52,2.68,2.51,2.54,2.59,2.55,2.68,2.88,2.54,2.51,2.55,2.51,2.76
06/26/2017,2.67,2.57,2.59,2.67,2.54,2.69,2.55,2.54,2.61,2.56,2.70,2.90,2.55,2.54,2.56,2.51,2.77
06/19/2017,2.68,2.59,2.6,2.70,2.56,2.69,2.57,2.55,2.63,2.58,2.72,2.90,2.58,2.57,2.58,2.54,2.77
06/12/2017,2.70,2.60,2.6,2.71,2.57,2.71,2.59,2.56,2.64,2.6,2.73,2.91,2.59,2.59,2.59,2.57,2.79
06/05/2017,2.70,2.61,2.61,2.70,2.57,2.72,2.61,2.58,2.65,2.6,2.74,2.91,2.60,2.60,2.60,2.58,2.79
05/29/2017,2.70,2.61,2.61,2.70,2.57,2.71,2.61,2.58,2.65,2.6,2.74,2.91,2.60,2.60,2.60,2.58,2.78
05/22/2017,2.70,2.61,2.61,2.70,2.57,2.71,2.61,2.57,2.65,2.6,2.74,2.91,2.58,2.59,2.60,2.58,2.78
05/15/2017,2.71,2.61,2.6,2.70,2.58,2.71,2.63,2.57,2.66,2.6,2.75,2.92,2.59,2.60,2.60,2.59,2.79
05/08/2017,2.72,2.62,2.62,2.72,2.58,2.72,2.64,2.59,2.66,2.62,2.77,2.93,2.60,2.61,2.63,2.6,2.81
05/01/2017,2.73,2.63,2.62,2.74,2.59,2.73,2.66,2.61,2.67,2.63,2.78,2.94,2.62,2.63,2.63,2.61,2.82
04/24/2017,2.73,2.64,2.62,2.74,2.60,2.74,2.67,2.62,2.68,2.64,2.77,2.94,2.62,2.64,2.63,2.63,2.81
04/17/2017,2.72,2.63,2.61,2.72,2.59,2.72,2.66,2.62,2.68,2.64,2.76,2.93,2.62,2.62,2.64,2.64,2.81
04/10/2017,2.72,2.63,2.6,2.71,2.58,2.72,2.62,2.61,2.67,2.6,2.75,2.92,2.60,2.60,2.62,2.62,2.8
04/03/2017,2.71,2.63,2.58,2.71,2.58,2.72,2.61,2.61,2.66,2.61,2.74,2.92,2.59,2.60,2.63,2.61,2.8
03/27/2017,2.71,2.63,2.58,2.72,2.59,2.72,2.61,2.62,2.67,2.6,2.74,2.92,2.59,2.60,2.63,2.63,2.79
03/20/2017,2.72,2.63,2.59,2.73,2.59,2.73,2.63,2.63,2.69,2.61,2.75,2.92,2.59,2.61,2.63,2.65,2.79
03/13/2017,2.72,2.64,2.59,2.73,2.59,2.74,2.64,2.64,2.69,2.62,2.75,2.91,2.59,2.62,2.64,2.67,2.8
03/06/2017,2.73,2.64,2.6,2.74,2.60,2.74,2.64,2.64,2.69,2.63,2.76,2.91,2.60,2.62,2.64,2.68,2.8
02/27/2017,2.73,2.64,2.6,2.74,2.60,2.74,2.65,2.64,2.71,2.64,2.76,2.92,2.61,2.62,2.65,2.68,2.8
02/20/2017,2.73,2.64,2.61,2.75,2.60,2.75,2.64,2.65,2.69,2.64,2.76,2.93,2.61,2.62,2.64,2.69,2.82
02/13/2017,2.73,2.65,2.61,2.74,2.60,2.75,2.66,2.65,2.69,2.64,2.76,2.93,2.61,2.62,2.63,2.68,2.82
02/06/2017,2.74,2.65,2.62,2.75,2.60,2.75,2.69,2.65,2.71,2.65,2.77,2.93,2.62,2.62,2.64,2.69,2.82
01/30/2017,2.75,2.67,2.64,2.77,2.61,2.76,2.69,2.66,2.72,2.67,2.77,2.93,2.64,2.65,2.66,2.7,2.83
01/23/2017,2.75,2.68,2.64,2.77,2.61,2.77,2.7,2.67,2.73,2.69,2.78,2.93,2.65,2.67,2.68,2.72,2.83
01/16/2017,2.76,2.68,2.65,2.77,2.61,2.78,2.69,2.67,2.74,2.7,2.79,2.93,2.66,2.68,2.70,2.72,2.84
01/09/2017,2.75,2.67,,2.76,2.59,2.77,2.7,2.67,2.74,2.71,2.78,2.92,2.65,2.67,2.70,2.71,2.83
01/02/2017,2.71,2.64,,2.73,2.55,2.74,2.68,2.65,2.72,2.66,2.74,2.89,2.63,2.65,2.67,2.67,2.8
12/26/2016,2.69,2.62,,2.72,2.53,2.72,2.65,2.63,2.67,2.63,2.72,2.86,2.61,2.62,2.65,2.65,2.78
12/19/2016,2.67,2.59,,2.69,2.51,2.7,2.63,2.62,2.65,2.6,2.70,2.85,2.59,2.59,2.62,2.62,2.76
12/12/2016,2.65,2.56,,2.66,2.50,2.67,2.58,2.59,2.62,2.56,2.68,2.83,2.56,2.56,2.58,2.59,2.72
12/05/2016,2.61,2.51,,2.62,2.47,2.64,2.53,2.53,2.57,2.51,2.63,2.81,2.52,2.50,2.52,2.54,2.69
11/28/2016,2.60,2.50,,2.60,2.46,2.63,2.49,2.51,2.56,2.5,2.63,2.81,2.51,2.48,2.50,2.52,2.69
11/21/2016,2.60,2.51,,2.60,2.47,2.64,2.49,2.5,2.57,2.51,2.63,2.81,2.52,2.49,2.51,2.53,2.68
11/14/2016,2.61,2.52,,2.61,2.48,,,,,,2.64,2.80,2.53,2.51,2.52,,
11/07/2016,2.61,2.52,,2.61,2.47,,,,,,2.64,2.80,2.53,2.52,2.52,,
10/31/2016,2.60,2.52,,2.61,2.45,,,,,,2.63,2.79,2.53,2.52,2.53,,
10/24/2016,2.59,2.51,,2.59,2.43,,,,,,2.62,2.79,2.52,2.51,2.52,,
10/17/2016,2.58,2.49,,2.57,2.43,,,,,,2.61,2.79,2.49,2.49,2.50,,
10/10/2016,2.55,2.46,,2.52,2.40,,,,,,2.57,2.78,2.44,2.44,2.44,,
10/03/2016,2.53,2.43,,2.49,2.37,,,,,,2.55,2.77,2.41,2.41,2.41,,
09/26/2016,2.53,2.42,,2.49,2.37,,,,,,2.55,2.77,2.41,2.41,2.40,,
09/19/2016,2.53,2.42,,2.50,2.38,,,,,,2.55,2.77,2.41,2.41,2.40,,
09/12/2016,2.53,2.43,,2.51,2.39,,,,,,2.55,2.77,2.42,2.42,2.42,,
09/05/2016,2.54,2.44,,2.51,2.39,,,,,,2.56,2.78,2.43,2.43,2.43,,
08/29/2016,2.53,2.43,,2.50,2.38,,,,,,2.55,2.77,2.42,2.41,2.41,,
08/22/2016,2.50,2.41,,2.46,2.36,,,,,,2.53,2.76,2.39,2.36,2.36,,
08/15/2016,2.50,2.39,,2.46,2.37,,,,,,2.52,2.76,2.38,2.35,2.32,,
08/08/2016,2.51,2.40,,2.47,2.38,,,,,,2.53,2.76,2.39,2.36,2.35,,
08/01/2016,2.53,2.42,,2.49,2.40,,,,,,2.55,2.78,2.41,2.38,2.39,,
07/25/2016,2.54,2.43,,2.50,2.41,,,,,,2.56,2.79,2.43,2.40,2.40,,
07/18/2016,2.55,2.44,,2.51,2.42,,,,,,2.57,2.79,2.44,2.41,2.41,,
07/11/2016,2.56,2.45,,2.53,2.43,,,,,,2.58,2.80,2.45,2.42,2.44,,
07/04/2016,2.56,2.46,,2.53,2.44,,,,,,2.58,2.80,2.45,2.43,2.44,,
06/27/2016,2.56,2.46,,2.53,2.44,,,,,,2.58,2.80,2.46,2.43,2.44,,
06/20/2016,2.56,2.46,,2.53,2.44,,,,,,2.58,2.80,2.45,2.43,2.45,,
06/13/2016,2.55,2.44,,2.51,2.44,,,,,,2.57,2.79,2.44,2.42,2.43,,
06/06/2016,2.54,2.44,,2.50,2.42,,,,,,2.56,2.78,2.42,2.41,2.41,,
05/30/2016,2.52,2.41,,2.48,2.41,,,,,,2.54,2.77,2.39,2.39,2.39,,
05/23/2016,2.49,2.38,,2.45,2.37,,,,,,2.52,2.74,2.36,2.36,2.34,,
05/16/2016,2.47,2.36,,2.42,2.35,,,,,,2.49,2.73,2.34,2.34,2.33,,
05/09/2016,2.46,2.36,,2.41,2.35,,,,,,2.49,2.72,2.34,2.33,2.33,,
05/02/2016,2.43,2.34,,2.38,2.30,,,,,,2.46,2.70,2.30,2.29,2.29,,
04/25/2016,2.40,2.31,,2.37,2.28,,,,,,2.43,2.65,2.27,2.26,2.25,,
04/18/2016,2.39,2.30,,2.36,2.26,,,,,,2.41,2.64,2.26,2.24,2.23,,
04/11/2016,2.38,2.29,,2.35,2.26,,,,,,2.40,2.63,2.24,2.23,2.23,,
04/04/2016,2.38,2.29,,2.34,2.26,,,,,,2.39,2.63,2.24,2.23,2.22,,
03/28/2016,2.36,2.28,,2.32,2.25,,,,,,2.37,2.62,2.23,2.22,2.22,,
03/21/2016,2.35,2.28,,2.30,2.23,,,,,,2.34,2.60,2.22,2.19,2.20,,
03/14/2016,2.32,2.25,,2.26,2.22,,,,,,2.31,2.59,2.19,2.15,2.16,,
03/07/2016,2.30,2.24,,2.24,2.23,,,,,,2.28,2.59,2.16,2.10,2.11,,
02/29/2016,2.32,2.25,,2.25,2.25,,,,,,2.29,2.61,2.16,2.10,2.12,,
02/22/2016,2.33,2.27,,2.28,2.28,,,,,,2.31,2.63,2.18,2.12,2.14,,
02/15/2016,2.36,2.30,,2.29,2.31,,,,,,2.33,2.66,2.22,2.16,2.18,,
02/08/2016,2.40,2.34,,2.33,2.35,,,,,,2.36,2.70,2.27,2.21,2.23,,
02/01/2016,2.43,2.37,,2.35,2.40,,,,,,2.40,2.73,2.30,2.25,2.27,,
01/25/2016,2.48,2.41,,2.39,2.45,,,,,,2.44,2.78,2.36,2.28,2.30,,
01/18/2016,2.54,2.46,,2.44,2.49,,,,,,2.50,2.84,2.43,2.33,2.34,,
01/11/2016,2.58,2.50,,2.47,2.52,,,,,,2.56,2.89,2.46,2.38,2.37,,
01/04/2016,2.61,2.53,,2.51,2.56,,,,,,2.59,2.92,2.48,2.41,2.41,,
12/28/2015,2.64,2.56,,2.54,2.59,,,,,,2.62,2.94,2.50,2.44,2.43,,
12/21/2015,2.67,2.58,,2.56,2.63,,,,,,2.65,2.97,2.52,2.47,2.44,,
12/14/2015,2.70,2.61,,2.61,2.66,,,,,,2.68,3.00,2.56,2.51,2.47,,
12/07/2015,2.73,2.63,,2.65,2.68,,,,,,2.71,3.03,2.58,2.53,2.49,,
11/30/2015,2.74,2.64,,2.68,2.69,,,,,,2.72,3.03,2.58,2.54,2.51,,
11/23/2015,2.75,2.64,,2.70,2.70,,,,,,2.73,3.04,2.59,2.55,2.52,,
11/16/2015,2.76,2.67,,2.72,2.71,,,,,,2.74,3.06,2.60,2.56,2.52,,
11/09/2015,2.76,2.67,,2.71,2.71,,,,,,2.75,3.07,2.60,2.55,2.51,,
11/02/2015,2.77,2.68,,2.71,2.72,,,,,,2.75,3.08,2.62,2.56,2.52,,
10/26/2015,2.79,2.69,,2.73,2.74,,,,,,2.77,3.09,2.62,2.59,2.54,,
10/19/2015,2.80,2.72,,2.74,2.75,,,,,,2.79,3.11,2.65,2.61,2.57,,
10/12/2015,2.81,2.73,,2.75,2.76,,,,,,2.79,3.12,2.66,2.62,2.57,,
10/05/2015,2.83,2.74,,2.74,2.78,,,,,,2.81,3.14,2.68,2.64,2.60,,
09/28/2015,2.86,2.76,,2.76,2.81,,,,,,2.84,3.16,2.70,2.67,2.63,,
09/21/2015,2.89,2.79,,2.78,2.84,,,,,,2.87,3.19,2.74,2.70,2.66,,
09/14/2015,2.92,2.82,,2.80,2.88,,,,,,2.89,3.23,2.79,2.74,2.70,,
09/07/2015,2.96,2.85,,2.81,2.91,,,,,,2.93,3.27,2.82,2.76,2.73,,
08/31/2015,2.99,2.88,,2.86,2.95,,,,,,2.97,3.31,2.87,2.79,2.77,,
08/24/2015,3.04,2.91,,2.93,2.98,,,,,,3.03,3.36,2.92,2.84,2.82,,
08/17/2015,3.07,2.95,,2.97,3.01,,,,,,3.07,3.38,2.95,2.87,2.83,,
08/10/2015,3.11,2.98,,3.01,3.05,,,,,,3.11,3.41,2.99,2.91,2.87,,
08/03/2015,3.14,3.00,,3.04,3.08,,,,,,3.15,3.44,3.02,2.96,2.93,,
07/27/2015,3.18,3.04,,3.09,3.12,,,,,,3.20,3.47,3.06,3.00,2.96,,
07/20/2015,3.21,3.07,,3.14,3.14,,,,,,3.23,3.47,3.10,3.03,2.98,,
07/13/2015,3.23,3.08,,3.16,3.17,,,,,,3.25,3.48,3.12,3.05,2.99,,
07/06/2015,3.24,3.10,,3.18,3.19,,,,,,3.25,3.49,3.14,3.08,3.03,,
06/29/2015,3.25,3.10,,3.19,3.19,,,,,,3.26,3.49,3.15,3.10,3.04,,
06/22/2015,3.26,3.10,,3.19,3.20,,,,,,3.26,3.49,3.16,3.12,3.06,,
06/15/2015,3.26,3.11,,3.21,3.20,,,,,,3.26,3.50,3.16,3.12,3.08,,
06/08/2015,3.27,3.12,,3.21,3.21,,,,,,3.27,3.51,3.17,3.13,3.10,,
06/01/2015,3.27,3.11,,3.22,3.21,,,,,,3.27,3.51,3.17,3.13,3.11,,
05/25/2015,3.27,3.12,,3.23,3.21,,,,,,3.28,3.51,3.18,3.13,3.11,,
05/18/2015,3.27,3.12,,3.22,3.21,,,,,,3.28,3.51,3.19,3.13,3.12,,
05/11/2015,3.28,3.13,,3.21,3.22,,,,,,3.28,3.51,3.19,3.15,3.13,,
05/04/2015,3.27,3.12,,3.20,3.21,,,,,,3.27,3.50,3.20,3.15,3.16,,
04/27/2015,3.27,3.11,,3.20,3.22,,,,,,3.26,3.50,3.20,3.15,3.16,,
04/20/2015,3.27,3.12,,3.21,3.22,,,,,,3.25,3.49,3.21,3.17,3.17,,
04/13/2015,3.29,3.15,,3.23,3.23,,,,,,3.27,3.50,3.24,3.19,3.19,,
04/06/2015,3.32,3.19,,3.27,3.25,,,,,,3.30,3.53,3.27,3.21,3.21,,
03/30/2015,3.35,3.24,,3.30,3.27,,,,,,3.34,3.56,3.30,3.23,3.25,,
03/23/2015,3.39,3.28,,3.35,3.30,,,,,,3.38,3.58,3.32,3.28,3.28,,
03/16/2015,3.42,3.33,,3.37,3.32,,,,,,3.41,3.59,3.34,3.33,3.32,,
03/09/2015,3.41,3.34,,3.37,3.31,,,,,,3.41,3.58,3.33,3.34,3.36,,
03/02/2015,3.34,3.27,,3.30,3.26,,,,,,3.31,3.51,3.29,3.27,3.29,,
02/23/2015,3.26,3.17,,3.21,3.24,,,,,,3.20,3.46,3.24,3.21,3.21,,
02/16/2015,3.25,3.16,,3.18,3.25,,,,,,3.18,3.46,3.24,3.21,3.20,,
02/09/2015,3.26,3.15,,3.16,3.27,,,,,,3.18,3.47,3.26,3.21,3.22,,
02/02/2015,3.28,3.17,,3.18,3.33,,,,,,3.19,3.49,3.28,3.23,3.26,,
01/26/2015,3.33,3.22,,3.22,3.39,,,,,,3.23,3.53,3.34,3.29,3.32,,
01/19/2015,3.41,3.30,,3.30,3.46,,,,,,3.32,3.61,3.41,3.38,3.39,,
01/12/2015,3.49,3.38,,3.36,3.51,,,,,,3.42,3.69,3.50,3.46,3.46,,
01/05/2015,3.56,3.46,,3.45,3.58,,,,,,3.49,3.76,3.57,3.52,3.53,,
12/29/2014,3.61,3.51,,3.50,3.62,,,,,,3.54,3.80,3.62,3.55,3.58,,
12/22/2014,3.65,3.54,,3.57,3.65,,,,,,3.61,3.84,3.65,3.58,3.59,,
12/15/2014,3.71,3.58,,3.65,3.70,,,,,,3.68,3.90,3.70,3.63,3.62,,
12/08/2014,3.76,3.63,,3.70,3.75,,,,,,3.73,3.97,3.74,3.66,3.68,,
12/01/2014,3.79,3.66,,3.73,3.78,,,,,,3.77,4.00,3.75,3.69,3.72,,
11/24/2014,3.81,3.67,,3.74,3.80,,,,,,3.79,4.02,3.77,3.71,3.74,,
11/17/2014,3.84,3.70,,3.75,3.82,,,,,,3.82,4.05,3.80,3.73,3.77,,
11/10/2014,3.87,3.73,,3.76,3.85,,,,,,3.84,4.08,3.82,3.77,3.80,,
11/03/2014,3.90,3.78,,3.80,3.89,,,,,,3.88,4.10,3.85,3.81,3.84,,
10/27/2014,3.94,3.82,,3.85,3.92,,,,,,3.91,4.14,3.89,3.85,3.88,,
10/20/2014,3.97,3.85,,3.89,3.94,,,,,,3.94,4.18,3.93,3.90,3.91,,
10/13/2014,4.02,3.88,,3.93,3.98,,,,,,3.99,4.24,3.98,3.94,3.95,,
10/06/2014,4.05,3.92,,3.97,4.01,,,,,,4.02,4.28,4.00,3.97,3.98,,
09/29/2014,4.07,3.93,,3.98,4.04,,,,,,4.04,4.29,4.02,3.99,4.00,,
09/22/2014,4.10,3.96,,4.01,4.06,,,,,,4.07,4.31,4.05,4.00,4.02,,
09/15/2014,4.12,3.97,,4.03,4.08,,,,,,4.11,4.34,4.08,4.03,4.03,,
09/08/2014,4.13,3.99,,4.04,4.09,,,,,,4.11,4.34,4.09,4.04,4.04,,
09/01/2014,4.14,4.00,,4.06,4.10,,,,,,4.12,4.35,4.10,4.05,4.06,,
08/25/2014,4.16,4.01,,4.06,4.12,,,,,,4.14,4.37,4.12,4.06,4.07,,
08/18/2014,4.18,4.03,,4.07,4.14,,,,,,4.16,4.39,4.14,4.09,4.11,,
08/11/2014,4.20,4.05,,4.11,4.16,,,,,,4.18,4.41,4.15,4.11,4.13,,
08/04/2014,4.22,4.07,,4.13,4.18,,,,,,4.21,4.43,4.18,4.14,4.14,,
07/28/2014,4.24,4.09,,4.15,4.20,,,,,,4.23,4.44,4.19,4.16,4.16,,
07/21/2014,4.26,4.12,,4.17,4.21,,,,,,4.25,4.45,4.21,4.18,4.18,,
07/14/2014,4.28,4.14,,4.20,4.23,,,,,,4.27,4.47,4.22,4.20,4.20,,
07/07/2014,4.28,4.15,,4.21,4.24,,,,,,4.28,4.47,4.23,4.21,4.21,,
06/30/2014,4.28,4.15,,4.21,4.24,,,,,,4.27,4.48,4.23,4.21,4.21,,
06/23/2014,4.28,4.16,,4.19,4.23,,,,,,4.25,4.47,4.24,4.21,4.21,,
06/16/2014,4.28,4.16,,4.19,4.25,,,,,,4.24,4.46,4.24,4.21,4.21,,
06/09/2014,4.29,4.18,,4.20,4.26,,,,,,4.25,4.46,4.25,4.23,4.23,,
06/02/2014,4.30,4.21,,4.22,4.27,,,,,,4.26,4.46,4.26,4.23,4.24,,
05/26/2014,4.30,4.21,,4.21,4.28,,,,,,4.27,4.47,4.26,4.24,4.24,,
05/19/2014,4.32,4.23,,4.22,4.30,,,,,,4.29,4.48,4.27,4.25,4.25,,
05/12/2014,4.33,4.26,,4.24,4.32,,,,,,4.30,4.49,4.29,4.27,4.27,,
05/05/2014,4.36,4.28,,4.26,4.34,,,,,,4.34,4.50,4.31,4.29,4.30,,
04/28/2014,4.36,4.31,,4.27,4.35,,,,,,4.34,4.50,4.32,4.30,4.31,,
04/21/2014,4.37,4.33,,4.30,4.34,,,,,,4.35,4.49,4.34,4.32,4.31,,
04/14/2014,4.39,4.36,,4.32,4.35,,,,,,4.38,4.51,4.36,4.33,4.32,,
04/07/2014,4.41,4.38,,4.34,4.37,,,,,,4.40,4.51,4.36,4.35,4.34,,
03/31/2014,4.42,4.40,,4.37,4.38,,,,,,4.41,4.52,4.37,4.37,4.37,,
03/24/2014,4.44,4.42,,4.38,4.38,,,,,,4.43,4.53,4.38,4.39,4.38,,
03/17/2014,4.46,4.43,,4.41,4.39,,,,,,4.46,4.55,4.38,4.40,4.40,,
03/10/2014,4.47,4.44,,4.42,4.38,,,,,,4.48,4.56,4.38,4.40,4.40,,
03/03/2014,4.47,4.44,,4.42,4.37,,,,,,4.48,4.55,4.38,4.40,4.40,,
02/24/2014,4.46,4.44,,4.41,4.36,,,,,,4.48,4.55,4.37,4.40,4.40,,
02/17/2014,4.46,4.45,,4.44,4.36,,,,,,4.47,4.53,4.36,4.40,4.42,,
02/10/2014,4.41,4.42,,4.39,4.32,,,,,,4.41,4.49,4.32,4.37,4.40,,
02/03/2014,4.32,4.30,,4.29,4.23,,,,,,4.31,4.43,4.23,4.28,4.30,,
01/27/2014,4.21,4.16,,4.14,4.12,,,,,,4.21,4.36,4.13,4.14,4.15,,
01/20/2014,4.20,4.13,,4.11,4.11,,,,,,4.19,4.35,4.12,4.13,4.13,,
01/13/2014,4.20,4.13,,4.12,4.11,,,,,,4.21,4.36,4.12,4.14,4.14,,
01/06/2014,4.21,4.13,,4.12,4.11,,,,,,4.21,4.36,4.13,4.14,4.15,,
12/30/2013,4.18,4.11,,4.10,4.10,,,,,,4.18,4.35,4.12,4.12,4.13,,
12/23/2013,4.18,4.09,,4.09,4.09,,,,,,4.18,4.34,4.10,4.11,4.12,,
12/16/2013,4.17,4.08,,4.09,4.09,,,,,,4.17,4.33,4.09,4.11,4.11,,
12/09/2013,4.16,4.07,,4.06,4.08,,,,,,4.16,4.32,4.08,4.09,4.08,,
12/02/2013,4.15,4.05,,4.04,4.06,,,,,,4.15,4.31,4.07,4.06,4.06,,
11/25/2013,4.13,4.03,,4.01,4.05,,,,,,4.14,4.31,4.06,4.03,4.04,,
11/18/2013,4.13,4.02,,4.00,4.06,,,,,,4.13,4.30,4.06,4.04,4.03,,
11/11/2013,4.14,4.04,,4.01,4.06,,,,,,4.13,4.33,4.07,4.05,4.04,,
11/04/2013,4.15,4.05,,4.02,4.07,,,,,,4.14,4.33,4.08,4.05,4.05,,
10/28/2013,4.16,4.06,,4.04,4.09,,,,,,4.15,4.34,4.09,4.07,4.05,,
10/21/2013,4.16,4.07,,4.04,4.10,,,,,,4.16,4.35,4.10,4.07,4.07,,
10/14/2013,4.17,4.07,,4.04,4.11,,,,,,4.16,4.36,4.11,4.08,4.08,,
10/07/2013,4.18,4.08,,4.06,4.12,,,,,,4.17,4.36,4.12,4.09,4.09,,
09/30/2013,4.20,4.09,,4.07,4.13,,,,,,4.20,4.39,4.13,4.11,4.11,,
09/23/2013,4.21,4.11,,4.10,4.15,,,,,,4.22,4.40,4.14,4.13,4.13,,
09/16/2013,4.22,4.12,,4.11,4.16,,,,,,4.24,4.41,4.15,4.13,4.14,,
09/09/2013,4.23,4.12,,4.12,4.16,,,,,,4.24,4.42,4.14,4.13,4.12,,
09/02/2013,4.20,4.09,,4.08,4.13,,,,,,4.24,4.40,4.11,4.09,4.07,,
08/26/2013,4.19,4.06,,4.06,4.12,,,,,,4.23,4.40,4.10,4.06,4.06,,
08/19/2013,4.19,4.07,,4.05,4.11,,,,,,4.23,4.40,4.11,4.06,4.06,,
08/12/2013,4.20,4.08,,4.06,4.12,,,,,,4.24,4.41,4.11,4.07,4.06,,
08/05/2013,4.21,4.08,,4.07,4.12,,,,,,4.25,4.42,4.13,4.08,4.06,,
07/29/2013,4.21,4.09,,4.06,4.12,,,,,,4.25,4.42,4.13,4.09,4.06,,
07/22/2013,4.19,4.07,,4.04,4.10,,,,,,4.23,4.41,4.11,4.07,4.06,,
07/15/2013,4.16,4.02,,4.01,4.09,,,,,,4.19,4.37,4.09,4.05,4.04,,
07/08/2013,4.15,4.01,,3.98,4.09,,,,,,4.17,4.36,4.09,4.04,4.05,,
07/01/2013,4.16,4.02,,4.00,4.10,,,,,,4.18,4.37,4.11,4.06,4.07,,
06/24/2013,4.17,4.03,,4.00,4.10,,,,,,4.19,4.38,4.12,4.06,4.07,,
06/17/2013,4.17,4.03,,4.00,4.12,,,,,,4.19,4.37,4.12,4.07,4.07,,
06/10/2013,4.17,4.04,,4.00,4.11,,,,,,4.19,4.39,4.12,4.08,4.08,,
06/03/2013,4.18,4.05,,4.03,4.12,,,,,,4.20,4.39,4.13,4.09,4.09,,
05/27/2013,4.19,4.06,,4.04,4.12,,,,,,4.20,4.39,4.13,4.09,4.11,,
05/20/2013,4.19,4.07,,4.05,4.12,,,,,,4.20,4.38,4.13,4.10,4.12,,
05/13/2013,4.20,4.08,,4.05,4.13,,,,,,4.21,4.39,4.14,4.10,4.13,,
05/06/2013,4.21,4.09,,4.08,4.15,,,,,,4.21,4.41,4.15,4.12,4.15,,
04/29/2013,4.23,4.11,,4.10,4.17,,,,,,4.22,4.42,4.18,4.14,4.17,,
04/22/2013,4.27,4.16,,4.14,4.21,,,,,,4.25,4.44,4.22,4.19,4.21,,
04/15/2013,4.31,4.21,,4.20,4.24,,,,,,4.31,4.48,4.25,4.22,4.25,,
04/08/2013,4.34,4.24,,4.24,4.28,,,,,,4.35,4.50,4.28,4.26,4.28,,
04/01/2013,4.36,4.26,,4.24,4.29,,,,,,4.38,4.52,4.30,4.28,4.29,,
03/25/2013,4.38,4.28,,4.27,4.31,,,,,,4.39,4.54,4.31,4.29,4.33,,
03/18/2013,4.39,4.30,,4.29,4.32,,,,,,4.41,4.54,4.32,4.30,4.34,,
03/11/2013,4.41,4.32,,4.32,4.34,,,,,,4.42,4.55,4.34,4.32,4.36,,
03/04/2013,4.42,4.34,,4.33,4.35,,,,,,4.43,4.56,4.35,4.34,4.37,,
02/25/2013,4.42,4.34,,4.33,4.34,,,,,,4.43,4.55,4.35,4.34,4.37,,
02/18/2013,4.39,4.31,,4.31,4.29,,,,,,4.41,4.53,4.31,4.32,4.34,,
02/11/2013,4.36,4.27,,4.28,4.28,,,,,,4.39,4.50,4.28,4.29,4.31,,
02/04/2013,4.33,4.24,,4.26,4.24,,,,,,4.36,4.48,4.26,4.26,4.28,,
01/28/2013,4.32,4.22,,4.24,4.24,,,,,,4.34,4.46,4.25,4.25,4.26,,
01/21/2013,4.32,4.23,,4.24,4.24,,,,,,4.34,4.46,4.24,4.25,4.24,,
01/14/2013,4.32,4.23,,4.24,4.24,,,,,,4.34,4.46,4.25,4.25,4.25,,
01/07/2013,4.33,4.23,,4.25,4.24,,,,,,4.34,4.47,4.25,4.25,4.25,,
12/31/2012,4.33,4.22,,4.25,4.24,,,,,,4.35,4.47,4.25,4.24,4.25,,
12/24/2012,4.33,4.22,,4.26,4.24,,,,,,4.35,4.48,4.25,4.24,4.24,,
12/17/2012,4.35,4.23,,4.29,4.27,,,,,,4.37,4.50,4.26,4.26,4.24,,
12/10/2012,4.37,4.26,,4.31,4.29,,,,,,4.40,4.52,4.28,4.28,4.26,,
12/03/2012,4.38,4.27,,4.32,4.29,,,,,,4.43,4.54,4.29,4.28,4.27,,
11/26/2012,4.38,4.26,,4.31,4.29,,,,,,4.43,4.55,4.28,4.27,4.26,,
11/19/2012,4.38,4.26,,4.30,4.28,,,,,,4.46,4.56,4.27,4.27,4.26,,
11/12/2012,4.37,4.26,,4.30,4.28,,,,,,4.43,4.54,4.27,4.27,4.26,,
11/05/2012,4.34,4.27,,4.30,4.30,,,,,,4.35,4.48,4.28,4.28,4.27,,
10/29/2012,4.35,4.28,,4.31,4.31,,,,,,4.34,4.47,4.29,4.30,4.28,,
10/22/2012,4.36,4.30,,4.33,4.32,,,,,,4.36,4.49,4.30,4.31,4.30,,
10/15/2012,4.36,4.28,,4.32,4.31,,,,,,4.36,4.50,4.28,4.31,4.30,,
10/08/2012,4.35,4.26,,4.32,4.29,,,,,,4.36,4.50,4.28,4.30,4.30,,
10/01/2012,4.35,4.26,,4.31,4.29,,,,,,4.34,4.49,4.28,4.30,4.30,,
09/24/2012,4.36,4.27,,4.33,4.30,,,,,,4.36,4.50,4.28,4.31,4.31,,
09/17/2012,4.34,4.26,,4.32,4.28,,,,,,4.35,4.48,4.27,4.30,4.29,,
09/10/2012,4.31,4.24,,4.28,4.26,,,,,,4.31,4.45,4.24,4.27,4.26,,
09/03/2012,4.28,4.22,,4.24,4.23,,,,,,4.29,4.43,4.20,4.23,4.23,,
08/27/2012,4.24,4.16,,4.19,4.18,,,,,,4.24,4.40,4.16,4.19,4.21,,
08/20/2012,4.19,4.09,,4.13,4.12,,,,,,4.19,4.36,4.11,4.13,4.14,,
08/13/2012,4.13,4.03,,4.07,4.06,,,,,,4.13,4.32,4.05,4.06,4.06,,
08/06/2012,4.09,3.98,,4.02,4.03,,,,,,4.10,4.29,4.02,4.00,4.00,,
07/30/2012,4.09,3.98,,4.01,4.03,,,,,,4.09,4.28,4.02,3.99,4.00,,
07/23/2012,4.07,3.94,,3.97,4.02,,,,,,4.06,4.26,4.01,3.99,3.99,,
07/16/2012,4.04,3.92,,3.95,4.01,,,,,,4.02,4.24,4.00,3.97,3.99,,
07/09/2012,4.03,3.91,,3.92,4.01,,,,,,4.00,4.24,4.00,3.96,3.97,,
07/02/2012,4.05,3.93,,3.93,4.05,,,,,,4.00,4.25,4.01,3.99,3.97,,
06/25/2012,4.09,3.99,,3.99,4.09,,,,,,4.02,4.29,4.06,4.03,4.02,,
06/18/2012,4.14,4.05,,4.05,4.14,,,,,,4.08,4.33,4.11,4.08,4.07,,
06/11/2012,4.20,4.10,,4.10,4.19,,,,,,4.15,4.38,4.16,4.13,4.12,,
06/04/2012,4.26,4.18,,4.17,4.23,,,,,,4.23,4.43,4.21,4.19,4.18,,
05/28/2012,4.29,4.22,,4.21,4.27,,,,,,4.28,4.46,4.24,4.23,4.21,,
05/21/2012,4.33,4.27,,4.26,4.28,,,,,,4.33,4.49,4.27,4.27,4.26,,
05/14/2012,4.37,4.30,,4.29,4.31,,,,,,4.37,4.53,4.30,4.31,4.30,,
05/07/2012,4.40,4.33,,4.31,4.34,,,,,,4.41,4.56,4.32,4.34,4.34,,
04/30/2012,4.42,4.35,,4.33,4.36,,,,,,4.44,4.57,4.34,4.36,4.35,,
04/23/2012,4.43,4.36,,4.35,4.38,,,,,,4.45,4.58,4.35,4.37,4.37,,
04/16/2012,4.44,4.37,,4.35,4.37,,,,,,4.45,4.58,4.35,4.37,4.37,,
04/09/2012,4.43,4.37,,4.36,4.37,,,,,,4.46,4.57,4.35,4.37,4.37,,
04/02/2012,4.42,4.36,,4.36,4.35,,,,,,4.44,4.55,4.34,4.36,4.36,,
03/26/2012,4.41,4.36,,4.35,4.34,,,,,,4.42,4.54,4.33,4.34,4.36,,
03/19/2012,4.40,4.34,,4.33,4.32,,,,,,4.40,4.53,4.30,4.33,4.35,,
03/12/2012,4.38,4.33,,4.33,4.30,,,,,,4.40,4.51,4.28,4.32,4.33,,
03/05/2012,4.37,4.32,,4.33,4.29,,,,,,4.40,4.50,4.26,4.29,4.30,,
02/27/2012,4.32,4.26,,4.27,4.23,,,,,,4.34,4.46,4.22,4.23,4.24,,
02/20/2012,4.29,4.22,,4.25,4.20,,,,,,4.31,4.43,4.19,4.20,4.20,,
02/13/2012,4.25,4.18,,4.21,4.16,,,,,,4.27,4.40,4.14,4.16,4.16,,
02/06/2012,4.22,4.15,,4.19,4.14,,,,,,4.24,4.38,4.12,4.14,4.14,,
01/30/2012,4.21,4.15,,4.19,4.12,,,,,,4.22,4.36,4.11,4.13,4.13,,
01/23/2012,4.21,4.14,,4.18,4.12,,,,,,4.21,4.36,4.10,4.13,4.12,,
01/16/2012,4.19,4.14,,4.17,4.11,,,,,,4.19,4.35,4.09,4.11,4.10,,
01/09/2012,4.16,4.09,,4.13,4.09,,,,,,4.15,4.32,4.07,4.07,4.05,,
01/02/2012,4.14,4.07,,4.09,4.07,,,,,,4.12,4.30,4.06,4.05,4.03,,
12/26/2011,4.14,4.07,,4.10,4.09,,,,,,4.13,4.31,4.06,4.06,4.04,,
12/19/2011,4.16,4.10,,4.13,4.11,,,,,,4.15,4.33,4.09,4.09,4.07,,
12/12/2011,4.18,4.11,,4.15,4.11,,,,,,4.17,4.34,4.10,4.11,4.09,,
12/05/2011,4.19,4.12,,4.15,4.12,,,,,,4.17,4.35,4.11,4.12,4.10,,
11/28/2011,4.16,4.13,,4.17,4.12,,,,,,4.18,4.35,4.12,4.12,4.12,,
11/21/2011,4.20,4.13,,4.18,4.11,,,,,,4.18,4.36,4.12,4.12,4.11,,
11/14/2011,4.16,4.08,,4.12,4.07,,,,,,4.14,4.34,4.07,4.07,4.05,,
11/07/2011,4.15,4.07,,4.11,4.07,,,,,,4.13,4.34,4.07,4.06,4.04,,
10/31/2011,4.15,4.06,,4.10,4.07,,,,,,4.14,4.32,4.07,4.06,4.04,,
10/24/2011,4.14,4.06,,4.10,4.07,,,,,,4.14,4.33,4.07,4.06,4.04,,
10/17/2011,4.13,4.03,,4.07,4.06,,,,,,4.12,4.32,4.07,4.05,4.03,,
10/10/2011,4.14,4.03,,4.10,4.08,,,,,,4.12,4.33,4.08,4.07,4.05,,
10/03/2011,4.17,4.07,,4.11,4.12,,,,,,4.15,4.36,4.11,4.09,4.08,,
09/26/2011,4.20,4.10,,4.13,4.13,,,,,,4.21,4.39,4.13,4.13,4.12,,
09/19/2011,4.22,4.11,,4.14,4.14,,,,,,4.24,4.41,4.14,4.14,4.14,,
09/12/2011,4.23,4.12,,4.14,4.14,,,,,,4.25,4.41,4.14,4.14,4.15,,
09/05/2011,4.22,4.12,,4.12,4.14,,,,,,4.25,4.41,4.15,4.14,4.14,,
08/29/2011,4.22,4.11,,4.11,4.15,,,,,,4.24,4.40,4.15,4.14,4.15,,
08/22/2011,4.24,4.14,,4.13,4.16,,,,,,4.26,4.42,4.16,4.16,4.16,,
08/15/2011,4.26,4.17,,4.18,4.18,,,,,,4.28,4.43,4.17,4.18,4.19,,
08/08/2011,4.28,4.19,,4.22,4.20,,,,,,4.31,4.45,4.18,4.20,4.21,,
08/01/2011,4.28,4.19,,4.22,4.20,,,,,,4.31,4.45,4.18,4.19,4.21,,
07/25/2011,4.27,4.18,,4.21,4.19,,,,,,4.30,4.44,4.18,4.18,4.20,,
07/18/2011,4.26,4.16,,4.20,4.19,,,,,,4.28,4.43,4.17,4.17,4.18,,
07/11/2011,4.23,4.13,,4.16,4.18,,,,,,4.25,4.41,4.15,4.15,4.16,,
07/04/2011,4.24,4.13,,4.15,4.19,,,,,,4.25,4.41,4.17,4.16,4.18,,
06/27/2011,4.27,4.17,,4.19,4.22,,,,,,4.29,4.44,4.19,4.19,4.21,,
06/20/2011,4.29,4.19,,4.21,4.24,,,,,,4.30,4.46,4.19,4.21,4.22,,
06/13/2011,4.29,4.20,,4.21,4.26,,,,,,4.31,4.46,4.20,4.22,4.24,,
06/06/2011,4.31,4.21,,4.23,4.27,,,,,,4.34,4.47,4.23,4.24,4.26,,
05/30/2011,4.34,4.24,,4.26,4.28,,,,,,4.39,4.49,4.26,4.26,4.28,,
05/23/2011,4.39,4.28,,4.28,4.32,,,,,,4.45,4.52,4.30,4.30,4.32,,
05/16/2011,4.42,4.32,,4.32,4.34,,,,,,4.49,4.55,4.31,4.33,4.35,,
05/09/2011,4.43,4.34,,4.35,4.35,,,,,,4.50,4.56,4.32,4.33,4.35,,
05/02/2011,4.41,4.32,,4.35,4.32,,,,,,4.47,4.54,4.31,4.32,4.33,,
04/25/2011,4.39,4.31,,4.34,4.30,,,,,,4.45,4.51,4.29,4.30,4.31,,
04/18/2011,4.36,4.28,,4.30,4.28,,,,,,4.40,4.48,4.26,4.28,4.29,,
04/11/2011,4.28,4.22,,4.22,4.21,,,,,,4.34,4.38,4.19,4.21,4.22,,
04/04/2011,4.22,4.17,,4.15,4.17,,,,,,4.24,4.32,4.14,4.16,4.18,,
03/28/2011,4.20,4.15,,4.14,4.15,,,,,,4.21,4.30,4.13,4.14,4.16,,
03/21/2011,4.20,4.14,,4.14,4.14,,,,,,4.21,4.28,4.13,4.13,4.14,,
03/14/2011,4.17,4.13,,4.11,4.12,,,,,,4.18,4.25,4.10,4.12,4.12,,
03/07/2011,4.06,4.02,,4.00,3.99,,,,,,4.07,4.14,3.98,4.01,4.00,,
02/28/2011,3.89,3.86,,3.84,3.81,,,,,,3.91,3.97,3.82,3.83,3.83,,
02/21/2011,3.81,3.76,,3.75,3.75,,,,,,3.80,3.89,3.73,3.75,3.76,,
02/14/2011,3.78,3.74,,3.73,3.72,,,,,,3.78,3.86,3.71,3.72,3.74,,
02/07/2011,3.73,3.71,,3.68,3.67,,,,,,3.73,3.81,3.67,3.67,3.69,,
01/31/2011,3.68,3.65,,3.63,3.62,,,,,,3.68,3.76,3.63,3.63,3.63,,
01/24/2011,3.65,3.62,,3.60,3.59,,,,,,3.66,3.73,3.60,3.59,3.61,,
01/17/2011,3.60,3.56,,3.55,3.54,,,,,,3.61,3.69,3.54,3.54,3.55,,
01/10/2011,3.56,3.52,,3.52,3.51,,,,,,3.58,3.65,3.50,3.50,3.51,,
01/03/2011,3.54,3.50,,3.50,3.48,,,,,,3.56,3.64,3.48,3.48,3.50,,
12/27/2010,3.53,3.47,,3.45,3.46,,,,,,3.55,3.62,3.44,3.45,3.48,,
12/20/2010,3.49,3.44,,3.42,3.43,,,,,,3.53,3.59,3.42,3.43,3.46,,
12/13/2010,3.47,3.41,,3.40,3.41,,,,,,3.51,3.58,3.39,3.40,3.44,,
12/06/2010,3.44,3.37,,3.35,3.38,,,,,,3.48,3.54,3.36,3.37,3.39,,
11/29/2010,3.42,3.35,,3.34,3.37,,,,,,3.46,3.52,3.36,3.36,3.39,,
11/22/2010,3.42,3.35,,3.34,3.37,,,,,,3.46,3.51,3.34,3.35,3.38,,
11/15/2010,3.37,3.30,,3.30,3.32,,,,,,3.40,3.46,3.30,3.30,3.34,,
11/08/2010,3.32,3.25,,3.25,3.27,,,,,,3.35,3.42,3.25,3.25,3.28,,
11/01/2010,3.31,3.24,,3.24,3.27,,,,,,3.34,3.41,3.24,3.25,3.28,,
10/25/2010,3.31,3.24,,3.24,3.27,,,,,,3.35,3.40,3.24,3.25,3.27,,
10/18/2010,3.30,3.23,,3.24,3.25,,,,,,3.34,3.39,3.22,3.23,3.26,,
10/11/2010,3.26,3.19,,3.21,3.21,,,,,,3.27,3.36,3.17,3.19,3.21,,
10/04/2010,3.18,3.09,,3.12,3.15,,,,,,3.19,3.31,3.12,3.12,3.12,,
09/27/2010,3.17,3.07,,3.11,3.15,,,,,,3.17,3.30,3.11,3.11,3.11,,
09/20/2010,3.17,3.07,,3.10,3.14,,,,,,3.17,3.30,3.11,3.10,3.11,,
09/13/2010,3.16,3.07,,3.09,3.13,,,,,,3.17,3.30,3.10,3.09,3.09,,
09/06/2010,3.17,3.07,,3.09,3.13,,,,,,3.19,3.31,3.10,3.09,3.10,,
08/30/2010,3.18,3.08,,3.10,3.15,,,,,,3.20,3.32,3.11,3.11,3.10,,
08/23/2010,3.19,3.09,,3.10,3.15,,,,,,3.20,3.31,3.12,3.12,3.12,,
08/16/2010,3.20,3.11,,3.11,3.15,,,,,,3.22,3.31,3.13,3.14,3.14,,
08/09/2010,3.18,3.10,,3.11,3.13,,,,,,3.21,3.30,3.11,3.13,3.13,,
08/02/2010,3.18,3.10,,3.10,3.13,,,,,,3.21,3.32,3.11,3.12,3.11,,
07/26/2010,3.19,3.10,,3.11,3.14,,,,,,3.22,3.33,3.11,3.12,3.10,,
07/19/2010,3.19,3.10,,3.12,3.15,,,,,,3.22,3.33,3.11,3.13,3.11,,
07/12/2010,3.20,3.10,,3.15,3.15,,,,,,3.23,3.34,3.12,3.14,3.10,,
07/05/2010,3.21,3.12,,3.17,3.17,,,,,,3.24,3.34,3.14,3.15,3.13,,
06/28/2010,3.22,3.12,,3.18,3.17,,,,,,3.24,3.35,3.14,3.15,3.13,,
06/21/2010,3.21,3.11,,3.18,3.17,,,,,,3.24,3.35,3.14,3.15,3.13,,
06/14/2010,3.22,3.12,,3.17,3.17,,,,,,3.25,3.35,3.15,3.16,3.14,,
06/07/2010,3.24,3.14,,3.20,3.19,,,,,,3.27,3.36,3.18,3.17,3.16,,
05/31/2010,3.26,3.16,,3.21,3.22,,,,,,3.29,3.37,3.20,3.20,3.18,,
05/24/2010,3.29,3.21,,3.24,3.24,,,,,,3.33,3.40,3.23,3.23,3.22,,
05/17/2010,3.31,3.25,,3.27,3.25,,,,,,3.35,3.41,3.24,3.24,3.24,,
05/10/2010,3.31,3.25,,3.27,3.25,,,,,,3.34,3.40,3.24,3.24,3.23,,
05/03/2010,3.28,3.21,,3.24,3.22,,,,,,3.31,3.37,3.21,3.22,3.20,,
04/26/2010,3.26,3.21,,3.23,3.22,,,,,,3.29,3.34,3.20,3.21,3.20,,
04/19/2010,3.25,3.20,,3.22,3.21,,,,,,3.27,3.32,3.19,3.21,3.20,,
04/12/2010,3.22,3.17,,3.20,3.17,,,,,,3.24,3.30,3.17,3.19,3.18,,
04/05/2010,3.17,3.11,,3.14,3.10,,,,,,3.19,3.25,3.11,3.13,3.13,,
03/29/2010,3.16,3.10,,3.11,3.10,,,,,,3.17,3.25,3.09,3.11,3.12,,
03/22/2010,3.15,3.09,,3.11,3.10,,,,,,3.16,3.24,3.09,3.11,3.12,,
03/15/2010,3.14,3.09,,3.09,3.09,,,,,,3.16,3.23,3.08,3.09,3.11,,
03/08/2010,3.13,3.06,,3.08,3.07,,,,,,3.13,3.22,3.05,3.06,3.08,,
03/01/2010,3.11,3.05,,3.06,3.05,,,,,,3.12,3.21,3.04,3.04,3.07,,
02/22/2010,3.11,3.04,,3.01,3.03,,,,,,3.12,3.21,3.03,3.03,3.06,,
02/15/2010,3.11,3.05,,3.03,3.04,,,,,,3.12,3.22,3.04,3.04,3.07,,
02/08/2010,3.13,3.06,,3.05,3.07,,,,,,3.14,3.23,3.06,3.07,3.09,,
02/01/2010,3.14,3.09,,3.08,3.09,,,,,,3.15,3.24,3.08,3.09,3.12,,
01/25/2010,3.16,3.12,,3.10,3.11,,,,,,3.18,3.24,3.09,3.12,3.14,,
01/18/2010,3.16,3.13,,3.12,3.10,,,,,,3.19,3.24,3.10,3.12,3.13,,
01/11/2010,3.12,3.07,,3.07,3.03,,,,,,3.12,3.19,3.03,3.05,3.05,,
01/04/2010,3.03,2.98,,2.97,2.98,,,,,,3.04,3.14,2.96,2.95,2.97,,
12/28/2009,3.01,2.95,,2.93,2.96,,,,,,3.03,3.13,2.95,2.93,2.95,,
12/21/2009,3.02,2.95,,2.94,2.97,,,,,,3.04,3.13,2.95,2.94,2.95,,
12/14/2009,3.05,2.96,,2.95,2.98,,,,,,3.05,3.14,2.96,2.94,2.95,,
12/07/2009,3.03,2.97,,2.95,2.99,,,,,,3.04,3.14,2.96,2.94,2.95,,
11/30/2009,3.03,2.98,,2.95,2.99,,,,,,3.05,3.13,2.96,2.95,2.95,,
11/23/2009,3.03,2.99,,2.94,2.99,,,,,,3.05,3.13,2.97,2.95,2.96,,
11/16/2009,3.05,2.99,,2.95,3.00,,,,,,3.05,3.14,2.97,2.96,2.97,,
11/09/2009,3.03,2.99,,2.95,3.00,,,,,,3.05,3.13,2.97,2.95,2.96,,
11/02/2009,3.02,2.98,,2.94,2.98,,,,,,3.03,3.11,2.96,2.94,2.94,,
10/26/2009,2.96,2.92,,2.89,2.91,,,,,,2.97,3.06,2.90,2.87,2.87,,
10/19/2009,2.87,2.79,,2.77,2.82,,,,,,2.88,3.01,2.79,2.78,2.78,,
10/12/2009,2.85,2.75,,2.74,2.81,,,,,,2.85,3.00,2.77,2.76,2.76,,
10/05/2009,2.85,2.76,,2.75,2.82,,,,,,2.86,3.00,2.77,2.77,2.77,,
09/28/2009,2.87,2.79,,2.76,2.84,,,,,,2.88,3.01,2.79,2.79,2.78,,
09/21/2009,2.89,2.80,,2.76,2.85,,,,,,2.90,3.03,2.80,2.80,2.80,,
09/14/2009,2.90,2.81,,2.77,2.86,,,,,,2.90,3.04,2.81,2.81,2.81,,
09/07/2009,2.91,2.83,,2.79,2.87,,,,,,2.92,3.06,2.82,2.82,2.82,,
08/31/2009,2.91,2.84,,2.80,2.88,,,,,,2.92,3.05,2.82,2.83,2.83,,
08/24/2009,2.91,2.83,,2.81,2.88,,,,,,2.91,3.04,2.82,2.82,2.83,,
08/17/2009,2.90,2.83,,2.80,2.87,,,,,,2.91,3.04,2.81,2.81,2.83,,
08/10/2009,2.86,2.78,,2.75,2.80,,,,,,2.86,3.01,2.77,2.76,2.78,,
08/03/2009,2.81,2.73,,2.71,2.75,,,,,,2.81,2.98,2.73,2.72,2.72,,
07/27/2009,2.80,2.71,,2.69,2.75,,,,,,2.80,2.97,2.73,2.71,2.73,,
07/20/2009,2.81,2.72,,2.72,2.76,,,,,,2.82,2.98,2.74,2.73,2.74,,
07/13/2009,2.85,2.75,,2.76,2.80,,,,,,2.86,3.01,2.76,2.76,2.77,,
07/06/2009,2.87,2.78,,2.79,2.81,,,,,,2.88,3.02,2.78,2.77,2.78,,
06/29/2009,2.87,2.79,,2.80,2.79,,,,,,2.89,3.03,2.79,2.78,2.78,,
06/22/2009,2.86,2.78,,2.77,2.77,,,,,,2.88,3.02,2.77,2.76,2.78,,
06/15/2009,2.79,2.73,,2.71,2.69,,,,,,2.80,2.98,2.69,2.68,2.69,,
06/08/2009,2.71,2.64,,2.62,2.60,,,,,,2.72,2.92,2.59,2.58,2.59,,
06/01/2009,2.64,2.55,,2.51,2.52,,,,,,2.63,2.88,2.50,2.50,2.53,,
05/25/2009,2.63,2.52,,2.49,2.51,,,,,,2.63,2.87,2.50,2.48,2.51,,
05/18/2009,2.63,2.50,,2.49,2.51,,,,,,2.63,2.87,2.49,2.48,2.51,,
05/11/2009,2.61,2.48,,2.46,2.53,,,,,,2.61,2.86,2.47,2.48,2.49,,
05/04/2009,2.62,2.49,,2.45,2.53,,,,,,2.62,2.85,2.47,2.49,2.50,,
04/27/2009,2.63,2.49,,2.48,2.55,,,,,,2.62,2.87,2.49,2.49,2.50,,
04/20/2009,2.63,2.50,,2.48,2.54,,,,,,2.63,2.88,2.50,2.49,2.52,,
04/13/2009,2.63,2.50,,2.46,2.53,,,,,,2.63,2.88,2.50,2.50,2.54,,
04/06/2009,2.63,2.52,,2.44,2.54,,,,,,2.64,2.88,2.50,2.51,2.56,,
03/30/2009,2.63,2.51,,2.43,2.54,,,,,,2.63,2.88,2.49,2.50,2.58,,
03/23/2009,2.63,2.50,,2.42,2.54,,,,,,2.61,2.88,2.47,2.49,2.58,,
03/16/2009,2.65,2.53,,2.45,2.59,,,,,,2.64,2.88,2.51,2.52,2.65,,
03/09/2009,2.69,2.57,,2.48,2.63,,,,,,2.68,2.90,2.55,2.56,2.67,,
03/02/2009,2.72,2.60,,2.53,2.67,,,,,,2.72,2.93,2.58,2.60,2.69,,
02/23/2009,2.77,2.67,,2.59,2.72,,,,,,2.75,2.95,2.63,2.67,2.75,,
02/16/2009,2.80,2.69,,2.61,2.73,,,,,,2.79,2.98,2.65,2.69,2.78,,
02/09/2009,2.81,2.71,,2.65,2.75,,,,,,2.82,3.00,2.67,2.71,2.82,,
02/02/2009,2.82,2.72,,2.64,2.76,,,,,,2.82,3.01,2.68,2.72,2.84,,
01/26/2009,2.83,2.73,,2.66,2.77,,,,,,2.84,3.01,2.71,2.74,2.85,,
01/19/2009,2.84,2.74,,2.68,2.78,,,,,,2.84,3.02,2.72,2.76,2.85,,
01/12/2009,2.85,2.75,,2.70,2.79,,,,,,2.85,3.02,2.74,2.79,2.85,,
01/05/2009,2.86,2.77,,2.73,2.81,,,,,,2.86,3.02,2.76,2.79,2.87,,
12/29/2008,2.93,2.85,,2.77,2.84,,,,,,2.94,3.10,2.82,2.84,2.94,,
12/22/2008,2.99,2.91,,2.83,2.89,,,,,,3.02,3.17,2.89,2.88,3.01,,
12/15/2008,3.08,3.00,,2.92,2.96,,,,,,3.12,3.26,2.98,2.97,3.10,,
12/08/2008,3.20,3.10,,3.04,3.04,,,,,,3.26,3.38,3.13,3.10,3.25,,
12/01/2008,3.30,3.20,,3.12,3.14,,,,,,3.35,3.48,3.23,3.18,3.33,,
11/24/2008,3.41,3.30,,3.22,3.30,,,,,,3.45,3.57,3.33,3.33,3.42,,
11/17/2008,3.54,3.41,,3.37,3.47,,,,,,3.55,3.71,3.45,3.45,3.52,,
11/10/2008,3.67,3.52,,3.54,3.63,,,,,,3.67,3.82,3.59,3.60,3.63,,
11/03/2008,3.81,3.69,,3.72,3.78,,,,,,3.82,3.97,3.74,3.75,3.77,,
10/27/2008,3.98,3.85,,3.88,3.94,,,,,,4.04,4.16,3.91,3.89,3.96,,
10/20/2008,4.14,4.03,,4.03,4.06,,,,,,4.22,4.37,4.05,4.02,4.10,,
10/13/2008,4.34,4.26,,4.18,4.19,,,,,,4.44,4.56,4.25,4.23,4.30,,
10/06/2008,4.46,4.38,,4.25,4.28,,,,,,4.55,4.66,4.38,4.35,4.43,,
09/29/2008,4.51,4.43,,4.29,4.34,,,,,,4.59,4.71,4.42,4.39,4.47,,
09/22/2008,4.57,4.46,,4.36,4.44,,,,,,4.64,4.76,4.48,4.46,4.55,,
09/15/2008,4.62,4.53,,4.45,4.50,,,,,,4.67,4.80,4.54,4.52,4.58,,
09/08/2008,4.67,4.55,,4.52,4.54,,,,,,4.70,4.83,4.59,4.55,4.61,,
09/01/2008,4.70,4.58,,4.58,4.60,,,,,,4.75,4.85,4.61,4.60,4.64,,
08/25/2008,4.75,4.66,,4.63,4.65,,,,,,4.78,4.89,4.68,4.65,4.69,,
08/18/2008,4.84,4.77,,4.70,4.71,,,,,,4.86,4.97,4.80,4.75,4.81,,
08/11/2008,4.94,4.88,,4.82,4.87,,,,,,4.95,5.07,4.89,4.86,4.89,,
08/04/2008,5.02,4.96,,4.91,4.95,,,,,,5.02,5.15,4.96,4.95,4.96,,
07/28/2008,5.09,5.01,,4.99,5.03,,,,,,5.10,5.22,5.01,5.01,5.00,,
07/21/2008,5.12,5.05,,5.03,5.07,,,,,,5.14,5.25,5.04,5.04,5.02,,
07/14/2008,5.12,5.04,,5.03,5.06,,,,,,5.14,5.26,5.04,5.04,5.03,,
07/07/2008,5.11,5.03,,5.00,5.06,,,,,,5.12,5.24,5.03,5.03,5.04,,
06/30/2008,5.11,5.05,,5.00,5.07,,,,,,5.12,5.24,5.05,5.05,5.05,,
06/23/2008,5.13,5.06,,5.02,5.08,,,,,,5.14,5.24,5.06,5.06,5.06,,
06/16/2008,5.13,5.06,,5.02,5.10,,,,,,5.16,5.24,5.07,5.05,5.05,,
06/09/2008,5.11,5.05,,5.00,5.06,,,,,,5.14,5.19,5.05,5.03,5.03,,
06/02/2008,5.09,5.05,,5.00,5.05,,,,,,5.12,5.16,5.05,5.02,5.02,,
05/26/2008,4.93,4.88,,4.86,4.90,,,,,,4.97,5.01,4.90,4.85,4.85,,
05/19/2008,4.77,4.72,,4.69,4.71,,,,,,4.81,4.86,4.70,4.68,4.66,,
05/12/2008,4.62,4.57,,4.52,4.53,,,,,,4.67,4.73,4.52,4.52,4.51,,
05/05/2008,4.60,4.55,,4.48,4.51,,,,,,4.65,4.71,4.49,4.49,4.47,,
04/28/2008,4.58,4.55,,4.47,4.50,,,,,,4.63,4.68,4.48,4.48,4.47,,
04/21/2008,4.50,4.46,,4.45,4.45,,,,,,4.53,4.58,4.43,4.43,4.43,,
04/14/2008,4.37,4.30,,4.32,4.36,,,,,,4.39,4.44,4.34,4.30,4.30,,
04/07/2008,4.33,4.25,,4.27,4.36,,,,,,4.34,4.39,4.33,4.28,4.27,,
03/31/2008,4.34,4.26,,4.29,4.36,,,,,,4.34,4.39,4.33,4.29,4.28,,
03/24/2008,4.33,4.27,,4.32,4.33,,,,,,4.34,4.37,4.32,4.28,4.27,,
03/17/2008,4.19,4.13,,4.20,4.19,,,,,,4.20,4.23,4.17,4.16,4.15,,
03/10/2008,4.00,3.91,,3.99,3.99,,,,,,4.00,4.05,3.98,3.95,3.94,,
03/03/2008,3.88,3.80,,3.86,3.85,,,,,,3.86,3.93,3.82,3.80,3.79,,
02/25/2008,3.77,3.69,,3.72,3.70,,,,,,3.77,3.84,3.71,3.69,3.69,,
02/18/2008,3.68,3.63,,3.61,3.62,,,,,,3.69,3.77,3.62,3.61,3.63,,
02/11/2008,3.68,3.62,,3.58,3.61,,,,,,3.69,3.78,3.62,3.59,3.64,,
02/04/2008,3.69,3.63,,3.60,3.62,,,,,,3.71,3.79,3.63,3.61,3.65,,
01/28/2008,3.71,3.65,,3.63,3.63,,,,,,3.73,3.80,3.65,3.64,3.67,,
01/21/2008,3.72,3.66,,3.66,3.64,,,,,,3.75,3.80,3.67,3.66,3.67,,
01/14/2008,3.73,3.67,,3.67,3.67,,,,,,3.75,3.81,3.68,3.67,3.67,,
01/07/2008,3.72,3.66,,3.68,3.66,,,,,,3.73,3.80,3.67,3.66,3.67,,
12/31/2007,3.70,3.64,,3.63,3.65,,,,,,3.72,3.78,3.66,3.64,3.64,,
12/24/2007,3.71,3.64,,3.63,3.67,,,,,,3.72,3.79,3.66,3.63,3.64,,
12/17/2007,3.70,3.64,,3.65,3.67,,,,,,3.73,3.78,3.66,3.64,3.65,,
12/10/2007,3.71,3.64,,3.66,3.68,,,,,,3.72,3.77,3.66,3.65,3.66,,
12/03/2007,3.71,3.65,,3.66,3.69,,,,,,3.71,3.78,3.67,3.66,3.67,,
11/26/2007,3.68,3.61,,3.65,3.64,,,,,,3.68,3.73,3.62,3.63,3.63,,
11/19/2007,3.65,3.57,,3.62,3.62,,,,,,3.65,3.70,3.61,3.60,3.61,,
11/12/2007,3.58,3.47,,3.55,3.55,,,,,,3.58,3.60,3.53,3.52,3.54,,
11/05/2007,3.45,3.34,,3.41,3.44,,,,,,3.43,3.48,3.40,3.40,3.41,,
10/29/2007,3.34,3.25,,3.31,3.32,,,,,,3.34,3.38,3.30,3.28,3.29,,
